,"Assignment ID","Submit Time","WorkerId","HITId","Prolific ID","Trial order","Selection 1","Selection 2","Selection 3","Selection 4","Selection 5","Selection 6","Selection 7","Selection 8","Selection 9","Selection 10","Selection 11","Selection 12","Selection 13","Selection 14","Selection 15","Selection 16","Selection 17","Selection 18","Selection 19","Selection 20","Selection 21","Selection 22","Selection 23","Selection 24","Selection 25","Selection 26","Selection 27","Selection 28","Selection 29","Accurate 1","Accurate 2","Accurate 3","Accurate 4","Accurate 5","Accurate 6","Accurate 7","Accurate 8","Accurate 9","Accurate 10","Accurate 11","Accurate 12","Accurate 13","Accurate 14","Accurate 15","Accurate 16","Accurate 17","Accurate 18","Accurate 19","Accurate 20","Accurate 21","Accurate 22","Accurate 23","Accurate 24","Accurate 25","Accurate 26","Accurate 27","Accurate 28","Accurate 29","Rt 1","Rt 2","Rt 3","Rt 4","Rt 5","Rt 6","Rt 7","Rt 8","Rt 9","Rt 10","Rt 11","Rt 12","Rt 13","Rt 14","Rt 15","Rt 16","Rt 17","Rt 18","Rt 19","Rt 20","Rt 21","Rt 22","Rt 23","Rt 24","Rt 25","Rt 26","Rt 27","Rt 28","Rt 29","ClickedX 1","ClickedX 2","ClickedX 3","ClickedX 4","ClickedX 5","ClickedX 6","ClickedX 7","ClickedX 8","ClickedX 9","ClickedX 10","ClickedX 11","ClickedX 12","ClickedX 13","ClickedX 14","ClickedX 15","ClickedX 16","ClickedX 17","ClickedX 18","ClickedX 19","ClickedX 20","ClickedX 21","ClickedX 22","ClickedX 23","ClickedX 24","ClickedX 25","ClickedX 26","ClickedX 27","ClickedX 28","ClickedX 29","ClickedY 1","ClickedY 2","ClickedY 3","ClickedY 4","ClickedY 5","ClickedY 6","ClickedY 7","ClickedY 8","ClickedY 9","ClickedY 10","ClickedY 11","ClickedY 12","ClickedY 13","ClickedY 14","ClickedY 15","ClickedY 16","ClickedY 17","ClickedY 18","ClickedY 19","ClickedY 20","ClickedY 21","ClickedY 22","ClickedY 23","ClickedY 24","ClickedY 25","ClickedY 26","ClickedY 27","ClickedY 28","ClickedY 29"
1,S6GYH57Z93QQNT9OTFIPJ,2025-10-14T16:05:16+00:00,,,test,"1,2,3,4,5,6,7,8,9,10,11,12,13,14,15,16,17,18,19,20,21,22,23,24,25,26,27,28,29",1,1,1,2,N/A,3,N/A,1,1,2,3,2,4,4,3,1,1,3,4,2,2,1,4,3,4,2,3,2,N/A,true,true,true,true,N/A,false,N/A,true,true,true,true,true,false,false,true,true,true,true,true,false,false,true,true,true,true,true,false,true,N/A,10487,1074,791,1420,N/A,1788,N/A,1479,1607,2537,1662,1512,2098,3182,3033,1790,2057,1494,2458,4556,3825,3181,3350,2254,2066,962,4957,1866,N/A,51.45,51.45,51.45,37.91,N/A,61.09,N/A,53.18,12.09,37.55,62.45,36,87.36,83.09,59.91,13.09,11.09,64.91,84.27,37.27,37.64,8.91,83.55,60.91,83.73,34.73,58.09,37.09,N/A,79.97,79.97,79.97,76.58,N/A,74.64,N/A,78.84,74.15,73.18,68.34,71.73,76.9,69.95,73.51,73.83,76.25,72.21,69.95,76.74,80.61,68.98,71.57,75.12,68.98,69.63,74.15,70.27,N/A
2,NKX025JLF7JNQIK86BXKO,2025-10-15T03:47:23+00:00,,,test,"1,2,3,4,5,6,7,8,9,10,11,12,13,14,15,16,17,18,19,20,21,22,23,24,25,26,27,28,29",1,1,1,2,N/A,4,N/A,1,1,2,3,2,2,3,3,3,1,3,4,4,2,1,3,1,1,2,2,2,N/A,true,true,true,true,N/A,true,N/A,true,true,true,true,true,true,true,true,false,true,true,true,true,false,true,false,false,false,true,false,true,N/A,14899,3026,1785,3291,N/A,2279,N/A,4091,5635,8371,3165,5428,3163,5330,3199,9530,2963,2218,12064,4581,17363,8942,11011,6741,6694,15857,9228,8444,N/A,60.55,60.45,60.45,38.82,N/A,84.91,N/A,54.64,12.55,34.64,59.55,37,36.18,59,59,60.45,13.18,61.64,85.82,85.27,37,14.73,60.45,14.82,13.27,39.09,41.45,38.82,N/A,85.14,85.3,85.14,70.76,N/A,72.54,N/A,86.11,70.6,81.58,67.53,68.98,75.44,75.93,69.79,66.56,64.94,65.91,78.03,79.81,74.96,67.85,78.51,71.41,61.39,64.3,79.16,77.87,N/A
3,JOORZ030WTIPZIJLVIHPQ,2025-10-16T12:38:18+00:00,,,55acf681fdf99b3d5b2ab68c,"1,2,3,4,5,6,7,8,9,10,11,12,13,14,15,16,17,18,19,20,21,22,23,24,25,26,27,28,29",1,1,1,2,N/A,1,N/A,1,1,2,3,2,3,1,3,1,1,3,4,2,1,3,4,1,3,2,1,2,N/A,true,true,true,true,N/A,false,N/A,true,true,true,true,true,false,false,true,true,true,true,true,false,true,false,true,false,false,true,false,true,N/A,8339,9361,2238,3622,N/A,2470,N/A,3369,8058,10432,7290,7415,8879,10161,5808,6960,4167,3824,5916,4395,6361,6126,6238,5994,4293,7057,7250,10766,N/A,44.09,40.91,40.45,33.09,N/A,13.64,N/A,39.82,10.36,32.09,59.82,38,56.18,14.36,57.18,9.09,9.55,58,80.91,35.91,8.36,60.73,90.45,14.91,58.73,32.55,11.64,38.45,N/A,82.55,82.07,86.43,72.86,N/A,61.87,N/A,81.91,72.86,80.29,79.97,80.78,81.91,75.12,77.22,76.58,79.48,80.94,74.15,81.1,76.9,73.02,69.63,67.37,78.68,73.67,69.79,79.32,N/A
4,1KT3J9DI7YIIMB1XY7A49,2025-10-16T12:38:46+00:00,,,5c65739723f6300001380c2c,"1,2,3,4,5,6,7,8,9,10,11,12,13,14,15,16,17,18,19,20,21,22,23,24,25,26,27,28,29",1,1,1,4,N/A,1,N/A,1,1,2,1,2,2,3,3,3,1,3,4,2,2,1,4,1,3,2,4,2,N/A,true,true,true,false,N/A,false,N/A,true,true,true,false,true,true,true,true,false,true,true,true,false,false,true,true,false,false,true,true,true,N/A,60402,3887,1124,6350,N/A,4254,N/A,2878,6233,5074,5172,4370,6220,5356,1958,3171,2719,3123,2750,3087,3694,8908,5898,3448,3514,5149,4537,3754,N/A,46.73,46.36,46.64,84.36,N/A,13.27,N/A,43.64,13.82,39.36,11.36,37.55,33.09,57,60.27,56.64,15.91,60.91,82.55,33.09,33.09,17.36,83.91,11.45,61,36.45,85.91,33.45,N/A,78.84,79.97,78.35,71.89,N/A,61.55,N/A,81.74,73.83,73.67,70.44,71.41,70.76,71.57,70.92,67.37,69.14,67.37,66.4,67.37,67.37,71.89,69.95,71.57,71.57,70.92,71.24,72.37,N/A
5,ODCUSAF89KXN9WCQ9YH2M,2025-10-16T13:10:51+00:00,,,6772be1363ec1102cc8bc48d,"1,2,3,4,5,6,7,8,9,10,11,12,13,14,15,16,17,18,19,20,21,22,23,24,25,26,27,28,29",1,1,1,4,N/A,3,N/A,1,3,1,3,2,4,3,3,3,1,3,4,2,2,1,3,2,3,2,2,1,N/A,true,true,true,false,N/A,false,N/A,true,false,false,true,true,false,true,true,false,true,true,true,false,false,true,false,false,false,true,false,false,N/A,71699,56886,2813,5821,N/A,5035,N/A,2123,4301,5939,4501,2011,4085,3843,1707,3559,7617,3986,2232,6014,4995,3162,6876,4814,6540,4773,1639,5308,N/A,46.82,52.18,51.36,83.45,N/A,59.55,N/A,51.45,58.09,16.18,62.36,39.09,89.09,63.82,63.55,61.36,9.91,56.64,85.82,34.55,36.27,14.55,61.27,34.73,60.55,42,39.18,12.18,N/A,84.17,82.55,85.14,69.31,N/A,70.44,N/A,83.2,79.16,74.8,69.31,70.11,74.31,77.38,75.77,73.02,62.36,64.94,72.05,73.02,77.38,78.03,69.63,76.74,76.74,77.71,77.54,69.79,N/A
6,OFHUDHQK3QA05O4H7AX2VSE,2025-10-16T13:08:24+00:00,,,5eea9a9ea8d6d71ba912a73e,"1,2,3,4,5,6,7,8,9,10,11,12,13,14,15,16,17,18,19,20,21,22,23,24,25,26,27,28,29",1,1,1,2,N/A,3,N/A,1,1,2,3,2,4,4,3,1,1,3,4,2,2,3,3,1,2,2,2,1,N/A,true,true,true,true,N/A,false,N/A,true,true,true,true,true,false,false,true,true,true,true,true,false,false,false,false,false,false,true,false,false,N/A,5479,5367,1324,3617,N/A,4891,N/A,1697,2532,1471,4958,1939,2428,3230,3180,1421,2357,1796,1866,2954,3899,3645,3404,4311,2264,1496,5070,3205,N/A,46.36,47.36,47.36,37.64,N/A,62.82,N/A,48.18,15.09,36.64,57.36,38,85.27,84.55,60,9.36,12.18,59.91,84.55,38.91,32.82,57.27,57.27,11.64,38.82,37,37.45,16.91,N/A,79.32,80.61,80.61,72.7,N/A,67.21,N/A,79.16,67.69,71.41,73.34,70.44,73.02,73.67,71.08,66.88,69.47,69.63,68.82,76.25,68.17,64.3,64.3,78.68,71.89,75.28,75.61,78.19,N/A
7,QTVIZMJ8JV9012ZFWTPWA,2025-10-16T13:10:10+00:00,,,5a3bdd2c8d005a0001829f3e,"1,2,3,4,5,6,7,8,9,10,11,12,13,14,15,16,17,18,19,20,21,22,23,24,25,26,27,28,29",1,1,1,2,N/A,1,N/A,1,2,2,3,2,4,4,3,3,1,3,4,3,3,3,1,4,1,2,2,2,N/A,true,true,true,true,N/A,false,N/A,true,false,true,true,true,false,false,true,false,true,true,true,false,false,false,false,false,false,true,false,true,N/A,7739,6390,2694,8614,N/A,12015,N/A,3102,7111,5574,5103,6783,7998,9062,6135,6693,4552,7797,4839,4343,5758,6815,8142,4511,10302,6623,5455,7599,N/A,46.73,43.09,43,34,N/A,12.91,N/A,40.91,36.91,36.09,60.45,35.18,85.09,85.36,60.82,60.82,14.09,59.36,86.91,61.09,64,60.55,13.27,84,15.91,37,37,38.82,N/A,78.19,77.38,81.91,70.27,N/A,76.9,N/A,80.45,69.79,75.28,67.53,76.09,75.44,75.93,71.08,71.08,67.69,70.6,74.15,73.18,76.09,74.64,75.12,77.54,73.34,71.24,71.08,72.54,N/A
8,36FNM7QL64IB7ENHNOY0N4,2025-10-16T13:11:38+00:00,,,60fcd92780d0ec62027ed113,"1,2,3,4,5,6,7,8,9,10,11,12,13,14,15,16,17,18,19,20,21,22,23,24,25,26,27,28,29",1,1,1,2,N/A,1,N/A,1,3,1,3,2,2,3,3,3,1,3,4,2,1,1,4,4,1,2,4,1,N/A,true,true,true,true,N/A,false,N/A,true,false,false,true,true,true,true,true,false,true,true,true,false,true,true,true,false,false,true,true,false,N/A,16278,15316,3720,7516,N/A,7662,N/A,5959,8953,15153,6873,5897,7891,9544,12207,7765,13107,10579,6942,14246,9949,8365,11369,19473,7419,4133,14411,8248,N/A,49,49.18,50.45,37,N/A,12.73,N/A,46.64,63,14.55,63.91,40.09,38.18,60.18,62.64,63.91,16.27,64.09,85.18,37.73,10.73,12.64,86.45,86.55,16,38.27,84.55,17.82,N/A,82.23,80.78,81.74,68.98,N/A,73.67,N/A,81.58,70.11,72.05,65.75,75.12,75.61,73.67,74.64,73.83,72.86,70.44,67.69,73.34,63.17,71.41,69.95,73.83,73.51,71.08,64.3,70.27,N/A
9,5I8DFFF7796QHG7YN7Y3W,2025-10-16T13:09:28+00:00,,,558ffe16fdf99b3f7aada34d,"1,2,3,4,5,6,7,8,9,10,11,12,13,14,15,16,17,18,19,20,21,22,23,24,25,26,27,28,29",1,1,1,2,N/A,3,N/A,1,3,1,3,3,4,4,4,4,1,3,4,3,3,3,3,3,2,2,3,2,N/A,true,true,true,true,N/A,false,N/A,true,false,false,true,false,false,false,false,false,true,true,true,false,false,false,false,true,false,true,false,true,N/A,8470,957,586,5322,N/A,6865,N/A,7368,6506,8832,3505,6539,6957,3762,155,7844,3579,8766,4830,4381,2240,3220,8094,1404,1998,4472,5077,2751,N/A,54.45,51.36,52.82,37.82,N/A,62,N/A,56.45,64.09,16,62.73,61,84,83.09,83.55,85.73,15,60.45,87.09,65.36,59.64,59.73,65.82,63.64,39.82,35.64,61,39.18,N/A,80.61,80.94,85.62,74.64,N/A,73.67,N/A,79.81,73.18,68.5,70.11,75.61,75.28,80.45,80.13,67.21,75.28,80.45,72.37,76.58,69.95,74.47,76.58,76.58,77.06,76.58,76.9,78.19,N/A
10,MLLH8KGUZSBDL6MN1BJN2,,,,677da02dc68ea2b62a30b052,,,,,,,,,,,,,,,,,,,,,,,,,,,,,,,,,,,,,,,,,,,,,,,,,,,,,,,,,,,,,,,,,,,,,,,,,,,,,,,,,,,,,,,,,,,,,,,,,,,,,,,,,,,,,,,,,,,,,,,,,,,,,,,,,,,,,,,,,,,,,,,,,,
11,OKWRGOQQCRMRQE95BM2EE,2025-10-16T13:11:34+00:00,,,5e457cbe2e142805fd806215,"1,2,3,4,5,6,7,8,9,10,11,12,13,14,15,16,17,18,19,20,21,22,23,24,25,26,27,28,29",1,1,1,2,N/A,2,N/A,1,1,2,3,1,2,3,3,3,1,3,4,2,1,3,4,1,1,2,2,1,N/A,true,true,true,true,N/A,false,N/A,true,true,true,true,false,true,true,true,false,true,true,true,false,true,false,true,false,false,true,false,false,N/A,7210,8191,4340,5743,N/A,13949,N/A,2163,9342,9371,8759,10103,9595,8391,4404,5837,5597,5751,6711,11893,8829,6968,11436,6364,6815,4972,11455,6550,N/A,55.64,55.64,55.64,37.27,N/A,40.18,N/A,51.73,12.45,36.36,57.45,13.64,36.91,60.91,61.09,60.91,15.27,60.18,82.27,36.36,14.18,59.27,85.82,9.18,13.18,34.09,34.09,13.73,N/A,82.55,81.42,81.42,71.08,N/A,73.02,N/A,83.84,65.43,69.63,74.47,67.69,69.31,67.21,75.12,69.79,75.61,73.02,70.11,70.6,67.37,72.37,69.63,77.22,71.24,73.34,74.15,71.89,N/A
12,L7L3I9W5828FEGOEZ6P0UM,2025-10-16T13:12:36+00:00,,,66318eecf4b2dd2836d910d8,"1,2,3,4,5,6,7,8,9,10,11,12,13,14,15,16,17,18,19,20,21,22,23,24,25,26,27,28,29",1,1,1,2,N/A,4,N/A,1,1,1,3,1,2,3,3,3,1,3,4,2,2,1,1,3,4,2,2,1,N/A,true,true,true,true,N/A,true,N/A,true,true,false,true,false,true,true,true,false,true,true,true,false,false,true,false,true,true,true,false,false,N/A,10331,9649,4558,8777,N/A,9122,N/A,5900,5663,7217,5056,12911,5002,8297,4194,3648,3082,3542,5405,7489,9369,9595,17988,17498,11571,2376,15272,10519,N/A,48.91,48.91,47.64,37.64,N/A,84.27,N/A,46.45,11.45,11.91,62.36,12.27,37.18,61.27,59,61.18,13.45,60.64,87.45,35.91,35.91,12,12.73,60.27,85.82,35.91,37.82,13.18,N/A,80.45,80.45,85.78,74.47,N/A,73.18,N/A,81.42,71.73,68.66,71.73,69.63,67.04,70.27,65.43,66.88,73.67,65.91,68.5,64.78,75.28,65.43,70.44,70.76,73.02,67.21,68.5,69.14,N/A
13,T3UUAVZS32RTABBZMW64,2025-10-16T13:10:44+00:00,,,654650713282e9e8d26d0b86,"1,2,3,4,5,6,7,8,9,10,11,12,13,14,15,16,17,18,19,20,21,22,23,24,25,26,27,28,29",1,1,1,2,N/A,3,N/A,1,1,1,3,1,2,3,3,1,1,3,4,1,2,3,3,3,4,2,4,1,N/A,true,true,true,true,N/A,false,N/A,true,true,false,true,false,true,true,true,true,true,true,true,false,false,false,false,true,true,true,true,false,N/A,11083,4410,3989,6220,N/A,4329,N/A,2731,2722,6399,2799,4158,5236,1524,2452,2134,1504,2004,2237,2283,4665,2541,1853,3444,1940,1648,3141,2291,N/A,51.73,51.91,64.18,39.36,N/A,67.09,N/A,45.36,15.64,15.82,62.91,16,31.91,61.09,61.73,17.18,17.18,60.73,85.09,8.45,40.82,60,60,62.09,89.45,42.45,86.91,19,N/A,80.61,81.58,88.21,71.08,N/A,79.48,N/A,83.36,63.33,67.53,72.7,64.46,69.47,76.9,76.74,74.64,74.47,65.11,68.66,71.57,71.24,74.96,74.96,69.31,69.95,72.54,68.01,67.37,N/A
14,KBYPK6KB7SNGTEUXFUYS,,,,5ff591cba89e1b000bfb9852,,,,,,,,,,,,,,,,,,,,,,,,,,,,,,,,,,,,,,,,,,,,,,,,,,,,,,,,,,,,,,,,,,,,,,,,,,,,,,,,,,,,,,,,,,,,,,,,,,,,,,,,,,,,,,,,,,,,,,,,,,,,,,,,,,,,,,,,,,,,,,,,,,
15,C2XT31WVMECRO5VHU5F9T,2025-10-16T13:11:16+00:00,,,614dd304ed948bbfe8c22215,"1,2,3,4,5,6,7,8,9,10,11,12,13,14,15,16,17,18,19,20,21,22,23,24,25,26,27,28,29",1,1,1,2,N/A,4,N/A,1,3,2,3,1,4,4,2,3,1,3,4,3,2,3,4,3,4,2,4,2,N/A,true,true,true,true,N/A,true,N/A,true,false,true,true,false,false,false,false,false,true,true,true,false,false,false,true,true,true,true,true,true,N/A,6493,3250,2209,5813,N/A,4716,N/A,9237,6169,5744,2529,4043,9781,4624,3240,3375,1894,2982,2138,6639,2834,2081,3232,1897,2501,2338,2307,3507,N/A,42.73,42.45,43.82,39.09,N/A,87.64,N/A,49.45,59.73,37.55,60.82,12.82,81.55,81.91,33.55,58.91,6.55,57.91,84.45,57.45,39.73,61.73,85.82,59.82,88.45,35.36,84.45,30.45,N/A,84.01,80.78,83.52,70.6,N/A,73.18,N/A,81.42,71.41,75.44,74.47,81.1,72.54,71.41,69.31,67.21,76.58,73.83,63.33,71.08,74.47,70.27,66.4,71.89,66.72,72.54,65.59,73.02,N/A
16,C91RE7PFY7LV41WJ2053FR,2025-10-16T13:12:17+00:00,,,5dddb4071e70dad3885f1601,"1,2,3,4,5,6,7,8,9,10,11,12,13,14,15,16,17,18,19,20,21,22,23,24,25,26,27,28,29",1,1,1,2,N/A,4,N/A,1,1,2,3,2,3,3,3,3,1,2,4,2,1,3,3,3,1,2,2,1,N/A,true,true,true,true,N/A,true,N/A,true,true,true,true,true,false,true,true,false,true,false,true,false,true,false,false,true,false,true,false,false,N/A,6909,3108,1625,5427,N/A,9541,N/A,2506,3747,10362,3363,3763,6200,6176,3553,5524,4564,9147,6123,15231,4212,7137,7233,12261,8232,5136,3882,9065,N/A,52.36,52.36,52.36,37.91,N/A,86.82,N/A,52.36,11.45,35.45,61.45,37.91,60.45,60.45,60.45,58.91,10.55,38.55,84.64,34.64,13.36,61.64,61.64,61.64,15.18,36.82,34.36,12.55,N/A,81.58,81.58,81.58,74.47,N/A,69.47,N/A,79.97,68.01,70.92,72.54,72.7,75.44,75.77,75.77,73.51,72.21,72.54,76.58,75.28,75.44,77.06,77.06,77.22,68.01,71.57,70.92,74.15,N/A
17,QN18OE1LVZKBC9DAH1ZFH7,2025-10-16T13:36:53+00:00,,,5e0857276aab7c17f7e21662,"1,2,3,4,5,6,7,8,9,10,11,12,13,14,15,16,17,18,19,20,21,22,23,24,25,26,27,28,29",1,1,1,2,N/A,3,N/A,1,1,2,3,1,2,4,3,3,1,3,4,3,4,3,3,3,1,2,4,1,N/A,true,true,true,true,N/A,false,N/A,true,true,true,true,false,true,false,true,false,true,true,true,false,false,false,false,true,false,true,true,false,N/A,133971,5156,1403,4727,N/A,27450,N/A,1516,4174,5612,2783,6550,5406,4086,3474,1779,1953,3635,1994,2706,2434,3233,3620,2273,4871,1760,2986,5779,N/A,54.73,53.55,53.55,41.64,N/A,58,N/A,55.27,15.18,34.09,60.45,10.45,38.27,91.18,62.55,62.55,14.91,61.64,86,64.18,82.18,63,63,60.73,13.45,34.27,83.64,12.91,N/A,83.84,82.23,82.23,72.21,N/A,73.67,N/A,80.29,75.44,72.7,76.58,75.28,72.7,68.82,69.79,69.79,73.83,73.83,70.92,74.8,74.8,74.15,74.15,77.06,78.35,75.77,70.27,71.57,N/A
18,BRONQEHM1LDG6J98JXJCHU,2025-10-16T13:14:20+00:00,,,6883bf2f3788be74299ad124,"1,2,3,4,5,6,7,8,9,10,11,12,13,14,15,16,17,18,19,20,21,22,23,24,25,26,27,28,29",1,1,1,2,N/A,3,N/A,1,1,2,3,2,3,3,3,1,1,2,4,2,1,4,3,1,3,2,2,1,N/A,true,true,true,true,N/A,false,N/A,true,true,true,true,true,false,true,true,true,true,false,true,false,true,false,false,false,false,true,false,false,N/A,27089,5295,1175,6375,N/A,11269,N/A,3863,4647,12383,4047,5895,7143,10007,3511,67047,6295,5039,3927,4479,24802,3554,6959,8735,8911,3455,6031,5455,N/A,42.45,41.64,41.64,37.09,N/A,60.36,N/A,53.82,15.09,36.64,59.73,36.27,64.82,61.27,61.55,11.91,16.55,37.55,84.09,35.45,13.09,82.55,62.45,16.64,61,33.09,36.82,17.09,N/A,79.81,82.23,82.23,69.63,N/A,79.48,N/A,80.45,73.51,70.76,74.8,75.28,77.71,77.71,73.02,69.79,79.32,77.06,73.18,71.08,67.69,73.18,78.51,77.06,72.21,75.28,72.54,75.44,N/A
19,H7N9A2HGXOUNULY17QPVR,2025-10-16T13:14:54+00:00,,,62e0532289a4e5d9fedadde1,"1,2,3,4,5,6,7,8,9,10,11,12,13,14,15,16,17,18,19,20,21,22,23,24,25,26,27,28,29",1,1,1,2,N/A,2,N/A,1,1,2,3,2,1,3,3,3,1,3,4,4,2,1,1,4,3,2,1,1,N/A,true,true,true,true,N/A,false,N/A,true,true,true,true,true,false,true,true,false,true,true,true,true,false,true,false,false,false,true,false,false,N/A,9754,25020,6642,7268,N/A,5291,N/A,2232,5351,17900,15134,5909,19547,7212,2791,4836,7088,3321,5415,7545,6762,8504,17232,11192,3066,3540,9704,3929,N/A,48.82,52,58.27,35.64,N/A,41.82,N/A,54.36,14.36,37.45,64.09,39,8.18,57.91,57.91,57.91,17.27,63.82,83.45,85.45,40.27,17.55,12.55,86.64,60.09,33,15,17.27,N/A,79.32,80.45,81.42,73.67,N/A,63.17,N/A,83.04,71.24,72.86,61.39,67.69,68.5,81.58,81.58,81.58,74.15,67.85,70.6,59.94,71.08,78.68,71.41,69.63,67.69,65.43,67.69,68.98,N/A
20,AIBM2UKHAMRLRS1X02OU4N,2025-10-16T13:20:42+00:00,,,63ed0065eb23ac3ee1726453,"1,2,3,4,5,6,7,8,9,10,11,12,13,14,15,16,17,18,19,20,21,22,23,24,25,26,27,28,29",1,1,1,2,N/A,2,N/A,1,3,2,3,2,2,3,3,3,3,3,3,1,3,3,1,2,1,2,4,2,N/A,true,true,true,true,N/A,false,N/A,true,false,true,true,true,true,true,true,false,false,true,false,false,false,false,false,false,false,true,true,true,N/A,15651,8218,3626,10753,N/A,13408,N/A,17156,9740,14150,9275,11984,9412,8863,10588,6983,9369,16852,17951,16752,11447,10154,14511,10496,22682,11303,15128,11928,N/A,43.73,49.09,54.55,38.82,N/A,39.36,N/A,51.18,62.36,39.45,58.64,41.27,38.91,57.91,59.45,58.82,60.09,63.36,54.91,15.36,62.73,60.55,13.18,30.91,15.36,30.64,89.55,41.36,N/A,80.94,81.58,81.74,79,N/A,78.03,N/A,79.97,67.21,63.17,64.78,66.07,63.33,61.23,66.72,60.9,57.84,58,62.84,79.48,74.47,68.66,75.93,57.84,75.12,65.27,64.14,70.27,N/A
21,0FKXSC0RI3V8FZFGKPB4Z8J,2025-10-16T13:17:15+00:00,,,67266c0ecff4ab3acc3b5a54,"1,2,3,4,5,6,7,8,9,10,11,12,13,14,15,16,17,18,19,20,21,22,23,24,25,26,27,28,29",1,1,1,2,N/A,4,N/A,1,3,1,1,2,3,3,3,3,1,3,4,4,3,3,1,2,4,2,2,3,N/A,true,true,true,true,N/A,true,N/A,true,false,false,false,true,false,true,true,false,true,true,true,true,false,false,false,false,true,true,false,false,N/A,11862,1247,4725,2006,N/A,886,N/A,1294,4326,7467,3142,2005,3831,4371,1261,1109,2511,2514,1821,4629,3821,5108,7164,1671,4883,2205,2317,5175,N/A,48.18,48.36,39.91,36.91,N/A,85.36,N/A,48.36,59.82,11.45,11.55,36.55,60.73,58,59.09,57.73,14.18,57.73,84.64,87.45,60.73,59.18,15.36,38.09,88.18,36,35.64,60.27,N/A,72.21,72.21,85.14,72.05,N/A,69.63,N/A,81.1,73.83,75.93,68.34,75.44,68.66,70.92,70.6,69.63,72.7,65.43,63,65.59,70.6,74.15,74.15,72.21,68.01,74.47,76.09,68.34,N/A
22,AWU840YH6K9ARJJJYUM2MR,2025-10-16T13:22:37+00:00,,,62e2f0f23427f0ab91180313,"1,2,3,4,5,6,7,8,9,10,11,12,13,14,15,16,17,18,19,20,21,22,23,24,25,26,27,28,29",1,1,1,2,N/A,3,N/A,1,1,1,3,1,2,3,3,1,4,3,4,4,2,1,3,3,3,2,4,1,N/A,true,true,true,true,N/A,false,N/A,true,true,false,true,false,true,true,true,true,false,true,true,true,false,true,false,true,false,true,true,false,N/A,10663,9706,4853,6005,N/A,4145,N/A,850,5059,6473,3819,4513,4069,3633,2910,2848,6418,3479,4800,4747,4032,5143,4433,5881,5897,2336,7242,2894,N/A,49.27,50.91,47.82,35.45,N/A,63.36,N/A,12.09,12.27,13.64,62.64,14,38.36,61.64,61.09,14.82,85.36,61.91,84.64,87,36.73,14.73,62.36,58,64.64,36.36,86.55,13.45,N/A,83.36,78.51,81.26,61.23,N/A,74.64,N/A,74.64,77.71,76.09,66.24,73.02,74.96,76.58,68.98,73.51,75.44,73.83,76.58,71.89,71.73,78.03,76.58,78.51,74.8,68.66,76.09,76.58,N/A
23,101KMRZ2VZHMEKYMBLXGZ,,,,5e4044797946592823cbec2a,,,,,,,,,,,,,,,,,,,,,,,,,,,,,,,,,,,,,,,,,,,,,,,,,,,,,,,,,,,,,,,,,,,,,,,,,,,,,,,,,,,,,,,,,,,,,,,,,,,,,,,,,,,,,,,,,,,,,,,,,,,,,,,,,,,,,,,,,,,,,,,,,,
24,P2YBZ4ALDRE5MZ8W89KZ85,2025-10-16T13:30:19+00:00,,,68c97fefc771fe12d5da1ef4,"1,2,3,4,5,6,7,8,9,10,11,12,13,14,15,16,17,18,19,20,21,22,23,24,25,26,27,28,29",1,1,1,2,N/A,2,N/A,1,3,2,3,2,2,3,3,3,1,3,4,4,2,1,1,3,1,2,4,2,N/A,true,true,true,true,N/A,false,N/A,true,false,true,true,true,true,true,true,false,true,true,true,true,false,true,false,true,false,true,true,true,N/A,10334,9508,8034,28397,N/A,15442,N/A,7993,16883,13123,11820,38794,16608,23871,11631,16444,3945,6731,10630,14565,11636,18457,33002,36528,24290,7044,13032,6585,N/A,21.73,37.82,41.64,37.91,N/A,33.73,N/A,34.91,58.82,35.36,61.91,34.91,35.64,58,60.18,60.91,16,58.45,81.09,87.36,40,15.73,10.27,59.64,14.45,35.91,82,37.64,N/A,28.27,77.38,78.84,61.23,N/A,69.63,N/A,83.2,72.86,71.73,70.11,82.88,77.22,64.62,72.54,73.18,75.61,74.31,72.21,77.87,79.32,71.57,68.01,78.35,79.64,78.03,79.97,75.61,N/A
25,5HAUTJHO3J8N5U99XID44G,2025-10-16T13:34:43+00:00,,,66df1a0ecaeaa481c05c1060,"1,2,3,4,5,6,7,8,9,10,11,12,13,14,15,16,17,18,19,20,21,22,23,24,25,26,27,28,29",1,1,1,2,N/A,1,N/A,1,3,2,2,1,4,4,3,1,1,3,4,3,3,1,3,3,3,2,2,1,N/A,true,true,true,true,N/A,false,N/A,true,false,true,false,false,false,false,true,true,true,true,true,false,false,true,false,true,false,true,false,false,N/A,40039,39694,8109,9916,N/A,8155,N/A,9636,9974,6329,11863,28720,4525,7421,10107,17281,6526,27639,12007,11740,5278,4934,5439,5585,19829,6048,25900,39595,N/A,45,45.82,49.55,38.18,N/A,10.18,N/A,49.27,61.09,37.64,35.73,13.91,81.91,85.18,63.09,12.18,10.36,62.64,84,59.91,59.91,12.73,56.64,60.36,58.27,38.45,37.64,11.73,N/A,80.61,77.38,80.78,77.06,N/A,64.14,N/A,79.64,73.34,73.67,75.12,73.34,77.87,75.93,79.97,67.85,63,76.09,70.6,62.36,62.36,72.7,77.54,73.02,80.61,77.06,72.7,69.47,N/A
26,T1140W4L00R1HWHDH36Q0T,2025-10-16T13:33:29+00:00,,,66bdf79c29a4dd71ff4de0d0,"1,2,3,4,5,6,7,8,9,10,11,12,13,14,15,16,17,18,19,20,21,22,23,24,25,26,27,28,29",1,1,1,4,N/A,4,N/A,1,1,2,3,2,2,3,3,3,1,3,4,2,1,3,4,1,3,2,2,1,N/A,true,true,true,false,N/A,true,N/A,true,true,true,true,true,true,true,true,false,true,true,true,false,true,false,true,false,false,true,false,false,N/A,3761,2388,1848,5494,N/A,5820,N/A,13287,2599,36986,3505,12988,8379,5278,52494,3090,2681,3108,6517,8880,5182,2140,10569,4210,3669,9111,15130,31422,N/A,52.09,53.73,48.91,82.27,N/A,88.18,N/A,58.36,17.82,34,64.91,34.73,36.82,60,62.18,62.82,16.73,59.91,85.27,37.45,14.73,56.64,82.82,12.36,59.55,35.91,39,13,N/A,82.23,79,83.84,63.81,N/A,72.7,N/A,82.07,70.92,68.66,76.9,72.21,79.32,72.21,69.47,69.47,70.6,64.78,66.07,80.29,70.92,63.97,70.76,69.14,74.96,73.18,72.86,68.01,N/A
27,PGG2REKUPGATD6TI7TJH,2025-10-16T13:35:36+00:00,,,5ee5e3b02eebe932ee9559c5,"1,2,3,4,5,6,7,8,9,10,11,12,13,14,15,16,17,18,19,20,21,22,23,24,25,26,27,28,29",1,1,1,2,N/A,3,N/A,1,1,2,3,2,2,3,3,3,1,3,4,2,2,3,1,3,1,2,3,1,N/A,true,true,true,true,N/A,false,N/A,true,true,true,true,true,true,true,true,false,true,true,true,false,false,false,false,true,false,true,false,false,N/A,12523,12643,3648,3924,N/A,20211,N/A,4186,7549,7009,7465,9448,10109,12532,4041,6268,7688,5601,7465,13789,14436,9532,25744,14537,11356,7080,17296,9864,N/A,49.27,46.27,47.64,36,N/A,59.09,N/A,39.18,14.82,34.82,57.91,37,36.45,62.82,59.64,59.55,16.73,60.64,89.36,34.73,36.55,61.27,11.73,64.09,9.45,31.91,59.09,11.27,N/A,80.29,79.32,81.26,72.7,N/A,74.64,N/A,81.74,69.95,79.81,67.85,68.34,71.41,68.17,72.05,64.46,69.79,64.62,66.24,72.54,73.51,71.57,68.5,71.24,72.86,72.05,72.05,74.15,N/A
28,SLN5ZF5XNMGCMYGQ4ZBE55,2025-10-16T13:39:55+00:00,,,67e494e108181d6621738771,"1,2,3,4,5,6,7,8,9,10,11,12,13,14,15,16,17,18,19,20,21,22,23,24,25,26,27,28,29",1,1,1,4,N/A,3,N/A,1,3,2,1,2,2,4,3,1,1,2,3,1,3,3,2,4,4,2,2,3,N/A,true,true,true,false,N/A,false,N/A,true,false,true,false,true,true,false,true,true,true,false,false,false,false,false,false,false,true,true,false,false,N/A,28393,19372,3570,4039,N/A,6979,N/A,5892,1946,2659,2504,2485,2989,4310,2167,2114,1707,3385,2910,3404,1793,3175,4277,2573,2834,1578,1752,2772,N/A,73.27,49.64,48.73,85.18,N/A,64.18,N/A,45.09,61.82,37.82,13.09,33.55,32.55,86.09,59.18,16.27,15.09,36.45,63.45,12.82,58.45,60.09,39.91,86.73,86.45,39.91,40.55,59.55,N/A,30.05,83.68,84.81,69.14,N/A,70.11,N/A,80.61,72.21,69.31,73.99,65.11,66.07,67.04,70.11,77.06,76.41,73.51,72.05,74.96,66.24,69.31,72.21,73.18,64.46,73.83,71.57,72.21,N/A
29,G46X0KO3IUME36NEK49I9O,2025-10-16T13:40:10+00:00,,,66199822c723a66ae0d5fc24,"1,2,3,4,5,6,7,8,9,10,11,12,13,14,15,16,17,18,19,20,21,22,23,24,25,26,27,28,29",1,1,1,2,N/A,4,N/A,1,4,2,3,2,4,3,3,3,3,3,4,4,2,3,3,3,2,2,4,3,N/A,true,true,true,true,N/A,true,N/A,true,false,true,true,true,false,true,true,false,false,true,true,true,false,false,false,true,false,true,true,false,N/A,7872,7103,3157,9560,N/A,5530,N/A,4178,10934,2817,2598,2065,9211,4931,2331,4864,10048,2902,4261,5136,8861,2347,12743,9172,6334,3801,21054,3561,N/A,51.55,53.55,56.36,39,N/A,83.27,N/A,52.82,82.73,41.27,57.82,37.64,91.45,55.73,58.82,64.73,63.91,62.73,88.18,86.82,37,63.36,61.09,63.55,41.73,36.55,87.27,58.18,N/A,80.78,80.61,83.68,82.55,N/A,74.96,N/A,81.26,69.79,74.31,70.11,71.89,69.14,78.35,78.19,77.06,75.28,80.94,80.29,73.99,73.02,67.85,79.97,78.51,81.26,76.74,79,74.96,N/A
30,GM84160DASE2RQ6A36NV0J,2025-10-16T13:45:11+00:00,,,67ae87b0d1835460d0a99abd,"1,2,3,4,5,6,7,8,9,10,11,12,13,14,15,16,17,18,19,20,21,22,23,24,25,26,27,28,29",1,1,1,4,N/A,4,N/A,1,1,2,3,2,4,1,3,3,1,3,4,1,1,3,3,4,1,2,4,1,N/A,true,true,true,false,N/A,true,N/A,true,true,true,true,true,false,false,true,false,true,true,true,false,true,false,false,false,false,true,true,false,N/A,22507,23802,6251,19671,N/A,17283,N/A,6078,14063,15575,10195,13581,13089,14898,26597,13487,8849,8023,24045,32825,13019,14610,14423,7765,12846,5787,11141,13022,N/A,57.45,52.27,41.36,85.27,N/A,85.27,N/A,46.73,13.55,39.45,60.91,40.64,81.73,15.82,62,62,12.91,60,82.27,16.45,13.91,61.27,61.55,85.64,13.45,38.27,83.45,15.45,N/A,81.91,79,83.36,67.53,N/A,74.47,N/A,79.64,74.64,77.22,76.41,78.03,80.61,79.64,76.09,77.87,77.54,79.64,74.64,75.12,78.19,76.74,77.71,78.19,73.99,77.71,77.38,75.44,N/A
31,CYKQGJC46E47XAQ8WIE4YI,2025-10-16T13:41:53+00:00,,,5deacc35443d0b1fe86a4f32,"1,2,3,4,5,6,7,8,9,10,11,12,13,14,15,16,17,18,19,20,21,22,23,24,25,26,27,28,29",1,1,1,2,N/A,4,N/A,1,3,3,3,2,2,3,3,1,3,3,4,2,3,3,3,3,4,2,4,2,N/A,true,true,true,true,N/A,true,N/A,true,false,false,true,true,true,true,true,true,false,true,true,false,false,false,false,true,true,true,true,true,N/A,2365,9311,629,3023,N/A,6018,N/A,810,2635,2969,1294,4523,2589,3726,2432,1585,1658,15227,1197,2730,1501,1789,31442,810,2320,1780,3468,1208,N/A,47.36,45.55,45.55,40.36,N/A,84.82,N/A,42.73,61.45,59,64.36,40.64,40.27,58.82,58.82,14,57.73,59.18,83.27,39.73,56.73,59.73,61.18,61.18,80.64,41.36,82.64,37.91,N/A,83.2,82.39,82.39,69.31,N/A,73.83,N/A,75.61,75.44,75.93,76.09,76.41,78.35,72.37,72.37,73.67,70.6,74.96,73.18,77.38,77.54,76.9,73.99,73.99,81.58,72.37,77.06,73.83,N/A
32,WW54LZAH4H8NULVI9DTGO,2025-10-16T14:11:13+00:00,,,67842c60c9cba1e154a69bbd,"1,2,3,4,5,6,7,8,9,10,11,12,13,14,15,16,17,18,19,20,21,22,23,24,25,26,27,28,29",1,1,1,3,N/A,2,N/A,1,2,3,1,2,2,4,1,2,4,4,3,1,4,4,1,4,3,4,4,4,N/A,true,true,true,false,N/A,false,N/A,true,false,false,false,true,true,false,false,false,false,false,false,false,false,false,false,false,false,false,true,false,N/A,9936,4246,2538,3740,N/A,1310,N/A,1081,2846,1621,4631,3790,3231,4239,4774,3183,3887,3687,3637,2056,3310,2309,2095,5119,2272,4212,2703,3047,N/A,48.09,49,49.36,58.55,N/A,45.64,N/A,50.27,38.91,63,8.45,49.18,35.73,82.18,13.45,35.36,84.55,85.45,58.45,11,83.36,86.73,12.09,82.45,62.45,82.82,81.36,82.64,N/A,80.78,79.48,83.04,62.2,N/A,64.62,N/A,79.48,67.85,69.31,71.41,29.73,72.21,66.56,67.21,67.37,70.76,66.07,66.07,66.72,72.21,64.46,69.47,67.53,68.98,66.72,64.94,66.07,N/A
33,1M202FJMWJ82212Y8K8AU5,2025-10-16T16:21:27+00:00,,,55dbdc9d50a1f7001190d753,"1,2,3,4,5,6,7,8,9,10,11,12,13,14,15,16,17,18,19,20,21,22,23,24,25,26,27,28,29",1,1,1,2,N/A,3,N/A,1,1,2,3,1,4,4,3,1,1,3,4,2,3,2,3,4,3,3,4,2,N/A,true,true,true,true,N/A,false,N/A,true,true,true,true,false,false,false,true,true,true,true,true,false,false,false,false,false,false,false,true,true,N/A,6690,6345,938,4444,N/A,5720,N/A,12535,6922,4318,4280,9037,5311,33044,2493,1985,2295,3403,4414,10428,2983,9597,3446,36225,5958,2596,4945,17161,N/A,41.18,45.45,46.45,39.45,N/A,58,N/A,54,17.91,40.27,62.36,13.64,87.73,87.27,61.27,14.55,10.09,55.91,82.45,40.27,56.55,37.55,61.55,80.64,62.09,59.91,83.73,42.18,N/A,83.36,76.41,81.91,77.06,N/A,71.73,N/A,81.26,75.93,79.48,78.03,74.15,73.99,75.44,73.51,73.99,69.63,78.03,74.64,78.03,69.95,71.57,73.34,78.03,82.07,81.26,69.79,77.87,N/A
34,,,,,,,,,,,,,,,,,,,,,,,,,,,,,,,,,,,,,,,,,,,,,,,,,,,,,,,,,,,,,,,,,,,,,,,,,,,,,,,,,,,,,,,,,,,,,,,,,,,,,,,,,,,,,,,,,,,,,,,,,,,,,,,,,,,,,,,,,,,,,,,,,,,,,,,
35,,,,,,,,,,,,,,,,,,,,,,,,,,,,,,,,,,,,,,,,,,,,,,,,,,,,,,,,,,,,,,,,,,,,,,,,,,,,,,,,,,,,,,,,,,,,,,,,,,,,,,,,,,,,,,,,,,,,,,,,,,,,,,,,,,,,,,,,,,,,,,,,,,,,,,,