,"Assignment ID","Submit Time","WorkerId","HITId","Prolific ID","Trial order","Selection 1","Selection 2","Selection 3","Selection 4","Selection 5","Selection 6","Selection 7","Selection 8","Selection 9","Selection 10","Selection 11","Selection 12","Selection 13","Selection 14","Selection 15","Selection 16","Selection 17","Selection 18","Selection 19","Selection 20","Selection 21","Selection 22","Selection 23","Selection 24","Selection 25","Selection 26","Selection 27","Selection 28","Selection 29","Selection 30","Selection 31","Selection 32","Selection 33","Selection 34","Selection 35","Selection 36","Selection 37","Selection 38","Selection 39","Selection 40","Selection 41","Selection 42","Selection 43","Selection 44","Selection 45","Selection 46","Selection 47","Selection 48","Selection 49","Selection 50","Selection 51","Selection 52","Selection 53","Selection 54","Selection 55","Selection 56","Selection 57","Selection 58","Selection 59","Selection 60","Selection 61","Selection 62","Selection 63","Selection 64","Selection 65","Selection 66","Selection 67","Selection 68","Selection 69","Selection 70","Selection 71","Selection 72","Selection 73","Selection 74","Selection 75","Selection 76","Selection 77","Selection 78","Selection 79","Selection 80","Selection 81","Selection 82","Selection 83","Selection 84","Selection 85","Accurate 1","Accurate 2","Accurate 3","Accurate 4","Accurate 5","Accurate 6","Accurate 7","Accurate 8","Accurate 9","Accurate 10","Accurate 11","Accurate 12","Accurate 13","Accurate 14","Accurate 15","Accurate 16","Accurate 17","Accurate 18","Accurate 19","Accurate 20","Accurate 21","Accurate 22","Accurate 23","Accurate 24","Accurate 25","Accurate 26","Accurate 27","Accurate 28","Accurate 29","Accurate 30","Accurate 31","Accurate 32","Accurate 33","Accurate 34","Accurate 35","Accurate 36","Accurate 37","Accurate 38","Accurate 39","Accurate 40","Accurate 41","Accurate 42","Accurate 43","Accurate 44","Accurate 45","Accurate 46","Accurate 47","Accurate 48","Accurate 49","Accurate 50","Accurate 51","Accurate 52","Accurate 53","Accurate 54","Accurate 55","Accurate 56","Accurate 57","Accurate 58","Accurate 59","Accurate 60","Accurate 61","Accurate 62","Accurate 63","Accurate 64","Accurate 65","Accurate 66","Accurate 67","Accurate 68","Accurate 69","Accurate 70","Accurate 71","Accurate 72","Accurate 73","Accurate 74","Accurate 75","Accurate 76","Accurate 77","Accurate 78","Accurate 79","Accurate 80","Accurate 81","Accurate 82","Accurate 83","Accurate 84","Accurate 85","Rt 1","Rt 2","Rt 3","Rt 4","Rt 5","Rt 6","Rt 7","Rt 8","Rt 9","Rt 10","Rt 11","Rt 12","Rt 13","Rt 14","Rt 15","Rt 16","Rt 17","Rt 18","Rt 19","Rt 20","Rt 21","Rt 22","Rt 23","Rt 24","Rt 25","Rt 26","Rt 27","Rt 28","Rt 29","Rt 30","Rt 31","Rt 32","Rt 33","Rt 34","Rt 35","Rt 36","Rt 37","Rt 38","Rt 39","Rt 40","Rt 41","Rt 42","Rt 43","Rt 44","Rt 45","Rt 46","Rt 47","Rt 48","Rt 49","Rt 50","Rt 51","Rt 52","Rt 53","Rt 54","Rt 55","Rt 56","Rt 57","Rt 58","Rt 59","Rt 60","Rt 61","Rt 62","Rt 63","Rt 64","Rt 65","Rt 66","Rt 67","Rt 68","Rt 69","Rt 70","Rt 71","Rt 72","Rt 73","Rt 74","Rt 75","Rt 76","Rt 77","Rt 78","Rt 79","Rt 80","Rt 81","Rt 82","Rt 83","Rt 84","Rt 85","ClickedX 1","ClickedX 2","ClickedX 3","ClickedX 4","ClickedX 5","ClickedX 6","ClickedX 7","ClickedX 8","ClickedX 9","ClickedX 10","ClickedX 11","ClickedX 12","ClickedX 13","ClickedX 14","ClickedX 15","ClickedX 16","ClickedX 17","ClickedX 18","ClickedX 19","ClickedX 20","ClickedX 21","ClickedX 22","ClickedX 23","ClickedX 24","ClickedX 25","ClickedX 26","ClickedX 27","ClickedX 28","ClickedX 29","ClickedX 30","ClickedX 31","ClickedX 32","ClickedX 33","ClickedX 34","ClickedX 35","ClickedX 36","ClickedX 37","ClickedX 38","ClickedX 39","ClickedX 40","ClickedX 41","ClickedX 42","ClickedX 43","ClickedX 44","ClickedX 45","ClickedX 46","ClickedX 47","ClickedX 48","ClickedX 49","ClickedX 50","ClickedX 51","ClickedX 52","ClickedX 53","ClickedX 54","ClickedX 55","ClickedX 56","ClickedX 57","ClickedX 58","ClickedX 59","ClickedX 60","ClickedX 61","ClickedX 62","ClickedX 63","ClickedX 64","ClickedX 65","ClickedX 66","ClickedX 67","ClickedX 68","ClickedX 69","ClickedX 70","ClickedX 71","ClickedX 72","ClickedX 73","ClickedX 74","ClickedX 75","ClickedX 76","ClickedX 77","ClickedX 78","ClickedX 79","ClickedX 80","ClickedX 81","ClickedX 82","ClickedX 83","ClickedX 84","ClickedX 85","ClickedY 1","ClickedY 2","ClickedY 3","ClickedY 4","ClickedY 5","ClickedY 6","ClickedY 7","ClickedY 8","ClickedY 9","ClickedY 10","ClickedY 11","ClickedY 12","ClickedY 13","ClickedY 14","ClickedY 15","ClickedY 16","ClickedY 17","ClickedY 18","ClickedY 19","ClickedY 20","ClickedY 21","ClickedY 22","ClickedY 23","ClickedY 24","ClickedY 25","ClickedY 26","ClickedY 27","ClickedY 28","ClickedY 29","ClickedY 30","ClickedY 31","ClickedY 32","ClickedY 33","ClickedY 34","ClickedY 35","ClickedY 36","ClickedY 37","ClickedY 38","ClickedY 39","ClickedY 40","ClickedY 41","ClickedY 42","ClickedY 43","ClickedY 44","ClickedY 45","ClickedY 46","ClickedY 47","ClickedY 48","ClickedY 49","ClickedY 50","ClickedY 51","ClickedY 52","ClickedY 53","ClickedY 54","ClickedY 55","ClickedY 56","ClickedY 57","ClickedY 58","ClickedY 59","ClickedY 60","ClickedY 61","ClickedY 62","ClickedY 63","ClickedY 64","ClickedY 65","ClickedY 66","ClickedY 67","ClickedY 68","ClickedY 69","ClickedY 70","ClickedY 71","ClickedY 72","ClickedY 73","ClickedY 74","ClickedY 75","ClickedY 76","ClickedY 77","ClickedY 78","ClickedY 79","ClickedY 80","ClickedY 81","ClickedY 82","ClickedY 83","ClickedY 84","ClickedY 85"
1,I3IZTFW6WNG6Q1IBY2H5ZQ,2025-11-17T20:46:33+00:00,,,test,"1,2,3,4,5,6,7,8,9,10,11,12,13,14,15,16,17,18,19,20,21,22,23,24,25,26,27,28,29,30,31,32,33,34,35,36,37,38,39,40,41,42,43,44,45,46,47,48,49,50,51,52,53,54,55,56,57,58,59,60,61,62,63,64,65,66,67,68,69,70,71,72,73,74,75,76,77,78,79,80,81,82,83,84,85",1,1,1,2,N/A,3,N/A,1,1,2,3,1,4,4,2,1,1,3,4,4,1,1,3,1,3,2,4,2,4,2,3,2,4,4,1,4,1,2,1,3,1,2,1,2,2,3,4,3,4,1,1,3,4,1,2,1,4,1,1,2,3,1,4,4,2,4,1,1,1,3,1,2,4,1,1,3,3,2,4,1,1,1,3,2,N/A,true,true,true,true,N/A,false,N/A,true,true,true,true,false,false,false,false,true,true,true,true,true,true,true,false,false,false,true,true,true,true,true,true,true,true,false,false,true,true,true,false,true,true,true,false,true,true,true,true,false,false,false,false,true,true,false,false,true,true,true,true,false,false,true,true,true,true,false,false,true,false,true,false,true,true,false,true,false,true,false,true,false,true,false,false,false,N/A,9171,3593,1230,1180,N/A,1846,N/A,1512,1353,1700,1228,1279,4361,3664,2637,1870,1103,1691,1980,4565,3819,3288,4332,2506,1662,1611,6128,1096,2743,3433,6249,6205,2006,5552,3729,2969,4212,3070,4852,4844,1621,4130,3862,2387,6024,5344,2432,3046,4894,4027,3595,2911,2928,3884,3942,4246,4995,2063,1797,1827,2371,2675,2388,1180,1755,1364,1911,1761,1525,1311,1146,2445,1335,2078,1653,2754,2265,1962,2201,1546,1929,1921,1513,2812,N/A,51.55,51.55,49.82,38.27,N/A,62.91,N/A,53.55,13.45,41.09,65.27,33.09,83.27,84.45,40.18,17.27,16.91,59,84.73,91.09,9.64,13.09,61,17.36,61.18,32.55,84.09,38.73,86.64,34.55,59.64,33,82,82.73,11.64,86.55,12.73,35.73,11.45,57.45,16.18,35.18,15.82,39.82,38.36,58.91,88.09,59.09,89.27,12.73,12.64,61.27,85.82,14.18,38.55,51.7,91.67,54.73,51.89,35.61,60.89,16.86,90.06,92.61,32.67,88.92,9.94,12.03,12.5,64.3,9.85,40.15,89.77,8.14,11.74,68.66,68.28,33.71,92.8,11.46,11.46,11.46,60.51,35.98,N/A,80.61,80.61,84.49,78.19,N/A,74.47,N/A,82.71,77.87,78.51,81.26,67.69,82.07,84.33,80.45,72.37,76.25,67.37,79.32,68.17,64.3,64.46,72.05,67.69,67.53,73.18,66.4,75.77,81.91,71.57,79.32,72.21,77.06,66.88,76.9,72.7,77.87,73.18,74.8,78.51,70.11,63.65,79.48,72.05,70.11,66.4,68.82,76.74,77.22,72.7,74.31,72.21,75.44,68.17,61.07,67.19,50.35,67.36,61.63,51.91,45.14,51.56,47.57,43.58,49.13,52.6,54.86,52.08,48.96,62.15,53.65,51.56,51.22,52.95,48.44,47.57,47.4,49.83,49.48,52.26,51.91,51.91,53.99,44.27,N/A
2,P3IR7KF7KGLJ08LYMPBUNR,2025-11-17T21:04:31+00:00,,,64fded008087c1afa0b47d7b,"1,2,3,4,5,6,7,8,9,10,11,12,13,14,15,16,17,18,19,20,21,22,23,24,25,26,27,28,29,30,31,32,33,34,35,36,37,38,39,40,41,42,43,44,45,46,47,48,49,50,51,52,53,54,55,56,57,58,59,60,61,62,63,64,65,66,67,68,69,70,71,72,73,74,75,76,77,78,79,80,81,82,83,84,85",1,1,1,2,N/A,1,N/A,1,3,2,3,1,2,3,3,1,1,3,4,2,2,1,1,3,4,2,4,3,4,2,3,2,4,1,4,4,1,4,1,3,1,2,2,2,2,2,4,3,1,1,2,3,4,3,1,1,4,1,1,1,4,4,4,4,4,2,2,1,1,3,4,2,4,3,1,2,3,4,4,4,2,2,2,2,N/A,true,true,true,true,N/A,false,N/A,true,false,true,true,false,true,true,true,true,true,true,true,false,false,true,false,true,true,true,true,false,true,true,true,true,true,true,true,true,true,false,false,true,true,true,false,true,true,false,true,false,true,false,true,true,true,true,true,true,true,true,true,true,true,false,true,true,false,true,true,true,false,true,true,true,true,true,true,true,true,true,true,false,false,true,true,false,N/A,5858,1597,2079,5833,N/A,6551,N/A,2285,8902,3979,8116,3814,5683,2764,2898,2615,2182,2149,2332,3767,5467,3350,3847,4616,4866,4767,9918,7834,4234,5151,9392,3145,5668,3800,8950,4785,15767,7936,6451,3622,3918,4850,11103,7087,13837,6003,4989,4506,8255,13322,7023,5806,3256,5307,4623,7474,4607,1944,2158,2190,2811,595,4712,6162,10446,12658,5193,2509,7477,5659,4244,6410,5059,5576,7727,3044,2060,8161,3261,4229,7579,4445,4577,1112,N/A,40.91,41.45,42.45,38.36,N/A,15.09,N/A,41.45,59,39.64,63.09,38.82,32.82,57.27,59.64,12.18,15.64,60.73,82.91,39.55,41.18,13.82,17.45,61.18,85.55,37.91,88.09,59.27,82.45,36.91,65.45,36.45,85.91,14.82,89.55,85.91,16.09,81.27,13.36,59.55,8.36,37.91,38.18,36.91,38.45,37.09,82.82,63.64,11.73,16.82,40.36,64,85.18,57.45,12,51.61,92.33,53.13,52.84,14.96,82.67,87.5,92.05,88.54,83.71,43.09,40.15,9.94,14.2,59,84.28,44.79,78.79,63.16,14.02,31.91,55.02,84.28,82.2,92.52,40.34,36.27,38.16,37.12,N/A,86.27,80.78,84.65,66.07,N/A,75.12,N/A,77.71,63.97,70.44,72.21,73.34,73.02,66.88,69.47,76.58,71.57,65.27,63.81,75.12,66.88,64.3,76.25,71.73,73.18,73.51,65.27,75.61,64.62,70.92,64.14,73.02,62.68,72.86,64.14,72.37,66.72,66.72,66.07,67.21,67.69,73.02,75.61,73.02,74.47,73.34,59.13,65.27,76.74,72.86,79.81,73.02,65.27,78.19,68.34,69.97,47.4,68.92,63.89,54.34,49.31,50,51.39,49.13,47.4,42.71,54.69,46.88,54.86,52.43,51.74,51.39,57.81,56.77,44.62,53.65,52.08,48.61,50.69,46.35,43.75,56.42,53.99,81.77,N/A
3,9VHC4DH2AENKMRN0ZLTRG9,2025-11-17T21:08:18+00:00,,,669a8660d4a57296b3d666e1,"1,2,3,4,5,6,7,8,9,10,11,12,13,14,15,16,17,18,19,20,21,22,23,24,25,26,27,28,29,30,31,32,33,34,35,36,37,38,39,40,41,42,43,44,45,46,47,48,49,50,51,52,53,54,55,56,57,58,59,60,61,62,63,64,65,66,67,68,69,70,71,72,73,74,75,76,77,78,79,80,81,82,83,84,85",1,1,1,2,N/A,3,N/A,1,1,2,2,1,2,3,3,1,1,3,4,2,1,3,1,4,1,2,4,3,4,4,2,2,4,1,1,4,1,2,3,1,1,2,3,2,2,2,4,3,1,1,2,3,4,3,2,1,4,1,1,1,4,1,4,2,1,2,2,1,3,3,4,2,4,3,3,2,3,4,4,1,1,1,2,2,N/A,true,true,true,true,N/A,false,N/A,true,true,true,false,false,true,true,true,true,true,true,true,false,true,false,false,false,false,true,true,false,true,false,false,true,true,true,false,true,true,true,false,false,true,true,true,true,true,false,true,false,true,false,true,true,true,true,false,true,true,true,true,true,true,true,true,false,false,true,true,true,true,true,true,true,true,true,false,true,true,true,true,false,true,false,true,false,N/A,7496,6400,1338,3858,N/A,2392,N/A,1855,5333,4314,6643,2771,3942,4417,2206,2155,3490,2566,6206,5413,9077,5434,4987,3298,5117,2850,6476,5748,3682,4925,6376,3739,3834,8774,3311,4276,5239,4363,10192,8267,2221,5775,4431,2061,3397,4888,3968,4717,3325,3334,5360,4973,4218,8849,4807,10244,7443,2312,2023,3757,1548,2827,4618,6403,6632,4859,2180,4406,2844,3273,4263,6866,3432,5027,6210,3860,1106,3980,4332,5633,3031,4146,3895,3213,N/A,53.55,48.91,51.73,37.36,N/A,61.73,N/A,52.45,13,38.27,35.45,38.36,37.55,59,60.73,12.27,8.91,62.91,84.27,39.18,17,63.55,10.36,84.91,10.82,36.36,86.64,62.18,88.18,82.82,39.18,39.27,81.18,10,9.45,84.45,9.73,38.82,60.45,11.45,13.73,36.91,61.73,39.18,36.82,34.36,83.18,62.36,12.64,13.91,37.64,60.36,83.55,61.09,36,52.37,87.88,51.99,51.89,14.11,87.22,11.36,88.83,39.3,13.54,40.63,40.63,11.65,61.27,62.97,88.54,39.58,89.3,66.19,61.93,42.33,61.55,87.31,88.92,17.23,14.58,11.17,37.22,39.49,N/A,82.88,76.41,80.78,70.44,N/A,71.41,N/A,82.23,64.46,72.21,68.34,66.07,74.15,72.37,68.17,62.36,67.21,71.57,73.34,72.21,72.7,73.99,74.8,69.95,70.6,70.6,73.18,72.21,71.41,71.73,72.54,72.54,71.24,63.33,67.53,71.24,63.81,71.24,70.44,72.54,74.47,70.44,71.89,70.44,71.73,70.92,68.01,76.58,68.82,73.02,74.96,72.86,73.67,70.76,71.24,71.35,51.04,69.97,62.67,47.74,54.51,53.99,54.86,51.91,48.09,50.87,52.08,49.48,51.74,57.29,52.6,54.86,48.61,51.56,53.3,55.38,51.74,57.81,51.04,52.95,51.22,50.35,57.64,55.9,N/A
4,6HVYRIR392V3IG6NLRBL0P,2025-11-17T22:38:14+00:00,,,663abed88723950daa2012ce,"1,2,3,4,5,6,7,8,9,10,11,12,13,14,15,16,17,18,19,20,21,22,23,24,25,26,27,28,29,30,31,32,33,34,35,36,37,38,39,40,41,42,43,44,45,46,47,48,49,50,51,52,53,54,55,56,57,58,59,60,61,62,63,64,65,66,67,68,69,70,71,72,73,74,75,76,77,78,79,80,81,82,83,84,85",1,1,1,4,N/A,1,N/A,1,3,2,3,1,4,1,3,1,1,3,4,4,3,4,1,1,1,1,4,2,4,4,3,1,4,1,4,4,2,2,4,1,1,2,2,2,2,3,4,3,4,2,3,3,4,3,2,1,3,1,1,1,4,1,4,4,2,2,2,1,3,3,3,2,4,3,2,2,3,4,3,3,1,1,2,3,N/A,true,true,true,false,N/A,false,N/A,true,false,true,true,false,false,false,true,true,true,true,true,true,false,false,false,false,false,false,true,true,true,false,true,false,true,true,true,true,false,true,true,false,true,true,false,true,true,true,true,false,false,false,false,true,true,true,false,true,false,true,true,true,true,true,true,true,true,true,true,true,true,true,false,true,true,true,false,true,true,true,false,true,true,false,true,true,N/A,12883,7701,1497,9602,N/A,4338,N/A,2721,6867,10586,3402,7585,13086,9018,3552,4201,2919,3035,5402,4286,6153,4369,10152,3302,2452,4119,4020,5453,3985,5103,5337,4069,3319,5402,10370,24453,6168,3437,8354,9652,6685,6019,8702,3120,2919,7003,29686,7934,4803,5819,10486,2808,2199,6219,6751,6418,3135,2290,1019,2321,6040,3490,4223,9207,3990,4353,6886,7669,2720,4086,10687,3103,13254,8519,7287,4819,2653,4537,15470,3020,13521,4853,5469,3971,N/A,49.36,47.45,46.27,84.09,N/A,17.36,N/A,45.45,60.18,39.27,64.09,37.91,81.91,13.55,61.27,15.36,16.82,58.27,84.09,79.45,66.55,83.27,15.27,10.55,12.45,14.82,83.09,37.91,84.36,82.73,60.64,16,80.27,16.73,83.64,81.82,39.91,33.55,79.73,15.36,15.36,40.45,37.55,38.55,39.55,63.45,84.27,54.91,83.82,36.73,58.36,61,81,62.73,36.73,51.8,51.8,67.61,57.95,19.41,82.95,16.86,88.83,83.33,36.46,44.41,36.74,17.14,63.07,61.08,61.27,37.5,80.59,67.23,40.53,41.86,65.44,85.42,56.34,68.75,11.93,20.83,38.45,66.1,N/A,83.04,81.91,81.1,71.41,N/A,72.37,N/A,80.29,68.82,66.56,75.44,76.9,64.3,71.08,76.41,70.11,71.73,75.12,60.42,66.24,67.53,74.15,68.82,67.85,66.07,71.73,62.2,69.95,60.1,64.14,63.49,66.4,68.01,72.21,62.2,62.36,64.46,64.46,65.43,69.47,72.37,70.11,66.07,67.37,65.43,69.79,62.68,61.55,64.78,66.4,68.01,68.34,64.3,66.72,63.97,68.92,68.92,75.52,67.19,51.56,52.6,53.82,47.57,53.47,49.65,56.77,52.95,54.34,52.43,54.17,51.39,53.47,52.78,50,50.35,53.47,52.43,47.74,50.35,53.47,52.6,51.56,52.43,56.08,N/A
5,L40Z0MSI3EGUEUBPS35AFI,2025-11-17T23:08:44+00:00,,,66bffd8c97a80ac91e1087e0,"1,2,3,4,5,6,7,8,9,10,11,12,13,14,15,16,17,18,19,20,21,22,23,24,25,26,27,28,29,30,31,32,33,34,35,36,37,38,39,40,41,42,43,44,45,46,47,48,49,50,51,52,53,54,55,56,57,58,59,60,61,62,63,64,65,66,67,68,69,70,71,72,73,74,75,76,77,78,79,80,81,82,83,84,85",1,1,1,2,N/A,1,N/A,1,2,2,3,2,2,3,3,1,1,2,1,2,4,3,1,1,4,2,4,2,1,1,3,2,1,3,1,4,3,2,1,3,1,2,2,2,2,3,2,3,1,4,2,3,3,2,2,1,4,1,1,1,4,1,2,4,2,2,2,1,1,3,4,3,4,3,1,2,3,4,3,3,1,2,4,3,N/A,true,true,true,true,N/A,false,N/A,true,false,true,true,true,true,true,true,true,true,false,false,false,false,false,false,false,true,true,true,true,false,false,true,true,false,false,false,true,false,true,false,true,true,true,false,true,true,true,false,false,true,false,true,true,false,false,false,true,true,true,true,true,true,true,false,true,true,true,true,true,false,true,true,false,true,true,true,true,true,true,false,true,true,true,false,true,N/A,28593,13471,1711,9356,N/A,10801,N/A,5623,25109,6325,29098,17746,20754,15792,6515,11019,24861,17249,25451,10850,48606,11527,13700,6654,16282,5210,15784,17329,8708,12057,19990,7272,15238,28419,10141,39179,19460,3794,6535,16238,7421,15661,8098,9194,6880,10877,15410,8626,8227,20461,9891,6822,11354,3653,6775,6881,10668,2558,2369,4022,3894,6944,6220,8402,15825,12233,11714,8764,10099,8635,11823,16805,10020,52028,23041,10132,2976,30995,6663,12990,11924,9782,11615,9443,N/A,51,44.64,47.18,36.55,N/A,12.36,N/A,45.82,38.09,35.73,63.18,86.36,38.27,59.09,61.91,13.45,12.55,36,15.36,36,86.27,61.09,9.36,15.73,85.27,37.27,82.73,39.27,17.27,12.18,58.09,37.18,14.73,62.45,10.09,87.27,62.09,37.64,11.91,57.18,14.18,38.18,41.45,40.73,40.73,58,35.36,61,13.73,86.82,37.36,62.09,61.27,37.73,39.18,46.5,87.5,48.58,49.34,18.75,87.22,9.56,39.96,83.43,38.64,35.89,41.1,16.29,10.98,60.32,82.48,59.19,86.55,63.83,13.54,40.06,60.04,90.34,63.16,62.69,17.23,42.8,84.66,61.93,N/A,80.94,77.87,81.74,66.07,N/A,65.91,N/A,78.84,63.97,67.21,63.97,60.58,61.71,69.79,62.52,65.11,63.97,65.59,59.61,64.78,63,71.24,74.64,61.87,59.45,64.94,64.46,64.3,63.33,63.81,63,67.37,66.56,68.01,64.14,64.94,64.3,67.53,60.1,64.62,71.89,65.91,70.11,69.95,69.95,69.47,65.27,64.46,69.14,65.43,66.4,64.62,63.17,68.01,62.68,70.31,53.99,69.79,62.67,52.78,48.78,60.59,50.52,51.56,52.6,54.69,49.65,55.38,51.74,57.29,46.7,58.33,47.05,50.87,43.58,53.65,51.39,52.6,52.78,54.34,55.03,52.26,54.51,54.34,N/A
6,ED6ZUP5HFN4V7UVDOS8Z9,,,,674b46b00690584bddd6e33b,,,,,,,,,,,,,,,,,,,,,,,,,,,,,,,,,,,,,,,,,,,,,,,,,,,,,,,,,,,,,,,,,,,,,,,,,,,,,,,,,,,,,,,,,,,,,,,,,,,,,,,,,,,,,,,,,,,,,,,,,,,,,,,,,,,,,,,,,,,,,,,,,,,,,,,,,,,,,,,,,,,,,,,,,,,,,,,,,,,,,,,,,,,,,,,,,,,,,,,,,,,,,,,,,,,,,,,,,,,,,,,,,,,,,,,,,,,,,,,,,,,,,,,,,,,,,,,,,,,,,,,,,,,,,,,,,,,,,,,,,,,,,,,,,,,,,,,,,,,,,,,,,,,,,,,,,,,,,,,,,,,,,,,,,,,,,,,,,,,,,,,,,,,,,,,,,,,,,,,,,,,,,,,,,,,,,,,,,,,,,,,,,,,,,,,,,,,,,,,,,,,,,,,,,,,,,,,,,,,,,,,,,,
7,AV02P773TK9MV1QHGE1PNQ,2025-11-17T23:02:21+00:00,,,5654175604212700054a12b1,"1,2,3,4,5,6,7,8,9,10,11,12,13,14,15,16,17,18,19,20,21,22,23,24,25,26,27,28,29,30,31,32,33,34,35,36,37,38,39,40,41,42,43,44,45,46,47,48,49,50,51,52,53,54,55,56,57,58,59,60,61,62,63,64,65,66,67,68,69,70,71,72,73,74,75,76,77,78,79,80,81,82,83,84,85",1,1,1,2,N/A,2,N/A,1,1,1,3,1,2,1,3,1,1,3,4,2,1,1,3,2,4,2,4,1,4,3,2,2,4,1,4,4,1,2,4,1,1,2,2,2,2,3,4,1,4,3,2,3,4,1,3,1,3,1,1,2,4,1,4,4,2,2,2,1,2,3,3,2,4,3,1,2,3,4,4,3,1,1,2,3,N/A,true,true,true,true,N/A,false,N/A,true,true,false,true,false,true,false,true,true,true,true,true,false,true,true,false,false,true,true,true,false,true,false,false,true,true,true,true,true,true,true,true,false,true,true,false,true,true,true,true,true,false,true,true,true,true,false,false,true,false,true,true,false,true,true,true,true,true,true,true,true,false,true,false,true,true,true,true,true,true,true,true,true,true,false,true,true,N/A,14041,4920,2078,5317,N/A,6212,N/A,2869,8961,13278,6984,3061,4470,4212,4004,3532,13039,3565,6242,3906,6104,14399,9627,7803,7717,4500,7823,4415,6342,8387,4921,6191,5989,4751,4825,7982,10512,9985,11176,15282,4778,2982,6980,5389,3104,13102,5740,17920,3431,13733,13994,3024,3905,6284,21362,4495,2560,975,1906,5564,2947,2025,7845,2576,3366,5688,4876,2828,5281,5375,17261,7779,6386,6564,2359,4070,1151,3028,3522,3143,4442,5262,2752,5855,N/A,52.45,54,57,39.64,N/A,37.09,N/A,52,13.09,18.36,59.82,39.82,38.18,17.64,60.18,14.64,13.45,63.18,84.73,41.27,17.18,13.64,58.64,41.73,81.09,39.36,80.45,15.09,82.36,55.36,40.82,41.91,83,14.09,84,82.18,15.09,42,80.64,10.91,16.73,36.73,39.45,41.18,40.45,66.64,86.82,18.45,84.55,56.55,41.55,61.18,82.55,11,64.27,61.08,61.08,94.51,58.33,43.37,86.08,11.17,83.14,83.05,35.98,44.98,44.98,17.33,37.97,61.46,58.14,40.72,81.34,64.96,22.63,49.15,55.59,84.47,83.62,67.23,21.12,14.49,43.84,67.42,N/A,83.52,82.39,88.05,78.03,N/A,78.51,N/A,83.36,79.64,82.39,82.23,80.61,81.74,80.61,80.45,79,76.74,79.81,79,76.9,81.58,77.87,79.97,80.29,78.03,79.64,85.78,77.22,81.58,80.45,78.84,80.13,83.04,83.68,85.14,81.74,83.04,82.23,82.07,78.51,79.81,80.61,80.78,82.88,79.48,73.83,77.54,79.81,76.25,81.26,82.71,82.23,83.04,78.35,77.71,84.03,84.03,56.94,69.44,57.64,56.77,56.77,58.51,53.82,59.55,58.68,58.68,59.38,56.25,60.07,58.51,59.38,57.47,58.33,60.07,60.94,60.42,60.42,57.81,60.42,60.94,59.38,59.9,61.11,N/A
8,T1JSIZF64CEKYW5OOISK8J,2025-11-17T23:06:48+00:00,,,6715b0cc1fca13ce9bee61cd,"1,2,3,4,5,6,7,8,9,10,11,12,13,14,15,16,17,18,19,20,21,22,23,24,25,26,27,28,29,30,31,32,33,34,35,36,37,38,39,40,41,42,43,44,45,46,47,48,49,50,51,52,53,54,55,56,57,58,59,60,61,62,63,64,65,66,67,68,69,70,71,72,73,74,75,76,77,78,79,80,81,82,83,84,85",1,1,1,2,N/A,4,N/A,1,1,2,3,1,2,3,3,1,1,3,4,4,4,3,3,3,4,2,4,1,4,3,2,2,4,1,1,4,1,4,1,1,1,2,1,2,2,3,4,3,1,1,2,3,4,3,1,1,2,1,1,1,4,1,4,4,2,2,2,1,3,3,3,2,4,3,1,1,3,4,3,3,1,2,3,3,N/A,true,true,true,true,N/A,true,N/A,true,true,true,true,false,true,true,true,true,true,true,true,true,false,false,false,true,true,true,true,false,true,false,false,true,true,true,false,true,true,false,false,false,true,true,false,true,true,true,true,false,true,false,true,true,true,true,true,true,false,true,true,true,true,true,true,true,true,true,true,true,true,true,false,true,true,true,true,false,true,true,false,true,true,true,false,true,N/A,22467,31605,5567,3950,N/A,3344,N/A,29386,2718,2967,1663,2199,3967,2431,1800,4423,2815,1895,2311,2150,3575,1935,4535,3127,3503,1584,4854,6959,4302,6014,8807,3071,3175,4767,1919,2430,6055,9855,3559,4038,2031,2735,4671,2647,2151,5391,3606,4375,2783,4175,7079,1831,3095,9359,4534,4055,2703,748,1551,2943,2450,2587,3209,3042,2475,3031,5143,3422,3423,5783,3271,3807,4479,7167,3358,4079,1822,6334,7423,13047,3775,2247,13334,4551,N/A,52.82,54.18,49,35.91,N/A,85.27,N/A,45.27,8.18,36.36,61,34.91,34,62.09,62.09,10.36,12.55,60.91,85.55,87,83.09,58.09,59,59.18,87.55,34.55,85.27,12.82,85,59.91,36.09,35.09,83.91,14.55,12.73,82.73,14.64,86.18,10.91,13.36,12.91,35.36,12.55,36.09,38.36,60.55,84.45,59.36,14.55,13.64,37.09,62.64,84.82,58,15.73,47.73,47.25,88.73,49.62,16.67,87.5,14.11,84.28,89.87,37.31,36.74,39.77,12.78,63.16,60.8,63.92,43.47,84.38,63.45,10.51,13.35,65.53,86.84,62.88,67.23,11.27,36.36,61.93,65.25,N/A,82.71,84.81,82.71,67.04,N/A,74.47,N/A,79.64,69.63,71.41,73.34,72.21,73.34,72.21,70.76,70.11,67.85,70.76,70.92,69.47,73.18,68.98,68.98,72.05,68.98,64.78,69.14,70.6,73.51,64.78,73.67,74.64,68.5,70.6,69.14,75.28,71.24,76.25,71.57,71.41,70.92,67.69,73.51,71.41,72.37,76.74,72.21,72.7,70.44,71.24,76.41,71.57,70.11,73.34,72.21,67.88,68.4,52.78,61.98,51.56,51.39,49.48,52.6,55.56,50.52,52.26,51.74,52.26,50.52,55.03,48.61,52.95,52.6,51.22,52.43,52.08,50.87,56.08,53.82,55.38,51.39,49.31,54.17,55.56,N/A
9,Z8E11QLD9POZ9L95AJB10O,2025-11-17T23:06:27+00:00,,,5edec2eaf5bde416a77a8eee,"1,2,3,4,5,6,7,8,9,10,11,12,13,14,15,16,17,18,19,20,21,22,23,24,25,26,27,28,29,30,31,32,33,34,35,36,37,38,39,40,41,42,43,44,45,46,47,48,49,50,51,52,53,54,55,56,57,58,59,60,61,62,63,64,65,66,67,68,69,70,71,72,73,74,75,76,77,78,79,80,81,82,83,84,85",1,1,1,2,N/A,4,N/A,1,1,2,1,1,2,3,3,1,1,3,4,4,2,1,1,1,2,2,4,3,4,2,2,2,4,3,4,4,1,2,3,3,1,1,3,2,2,3,2,3,1,1,2,2,4,3,1,1,4,1,1,1,4,1,4,4,2,2,2,1,1,3,4,2,4,3,1,1,3,4,4,3,1,2,2,2,N/A,true,true,true,true,N/A,true,N/A,true,true,true,false,false,true,true,true,true,true,true,true,true,false,true,false,false,false,true,true,false,true,true,false,true,true,false,true,true,true,true,false,true,true,false,true,true,true,true,false,false,true,false,true,false,true,true,true,true,true,true,true,true,true,true,true,true,true,true,true,true,false,true,true,true,true,true,true,false,true,true,true,true,true,true,true,false,N/A,11297,4303,1238,4471,N/A,3193,N/A,2010,7208,2790,3889,1506,4456,3521,2656,2122,2622,1908,3324,5855,3255,2639,2690,5840,2757,3057,6056,4371,3989,2657,4541,3356,3355,3656,3322,3021,2758,2523,3274,1856,1690,2956,7390,4473,3623,4191,5523,2455,3239,4640,1888,1257,4889,2307,2373,6523,4588,2875,1305,5356,2943,1893,2409,2460,5293,2424,3723,4089,7856,2338,3807,4006,3140,3741,3356,2823,1455,5106,2072,4037,4989,2472,2623,3306,N/A,48,47.73,47.73,38,N/A,80.73,N/A,44.91,9.91,35.64,14,37.55,37.55,57.64,57.64,9.82,10.36,55.64,88.55,88.27,42.45,15.82,15,13.27,30.82,30.82,84.36,65.36,81,39.18,39.18,39.18,79.36,55,83.91,79.45,15.55,32.45,56.36,58.45,16.27,17.27,61.82,40.36,43.64,66.27,35.64,53.55,14.45,13.09,30.82,30.82,79.82,61.18,16.82,38.92,85.42,75.95,75.95,19.41,82.95,16.1,83.71,83.71,41.48,41.86,41.86,21.31,18.37,59.38,84.75,43.66,81.91,67.8,18.66,18.66,56.63,86.93,86.93,68.84,19.89,35.04,35.04,35.04,N/A,83.04,82.39,82.39,77.06,N/A,64.46,N/A,79.48,73.51,66.24,70.6,62.52,62.52,63.97,63.97,62.52,62.52,60.1,58.64,66.56,76.25,75.12,73.67,81.91,71.57,71.57,65.59,71.73,72.05,67.37,67.53,67.53,64.62,66.72,63.97,66.88,72.86,71.24,69.14,68.01,68.01,68.82,70.76,68.5,66.4,65.59,64.3,67.85,68.34,70.6,71.08,71.08,66.24,68.01,70.6,67.36,52.08,96.01,96.01,52.78,50.87,50.52,46.53,46.53,51.56,51.56,51.56,59.03,54.34,44.1,51.56,55.38,47.92,56.77,52.78,52.78,42.71,53.13,53.13,60.94,52.95,51.91,51.91,51.91,N/A
10,BXTVP40GX7K34PEV7F4BVW,,,,66f7d3e4d8454f1148f77381,,,,,,,,,,,,,,,,,,,,,,,,,,,,,,,,,,,,,,,,,,,,,,,,,,,,,,,,,,,,,,,,,,,,,,,,,,,,,,,,,,,,,,,,,,,,,,,,,,,,,,,,,,,,,,,,,,,,,,,,,,,,,,,,,,,,,,,,,,,,,,,,,,,,,,,,,,,,,,,,,,,,,,,,,,,,,,,,,,,,,,,,,,,,,,,,,,,,,,,,,,,,,,,,,,,,,,,,,,,,,,,,,,,,,,,,,,,,,,,,,,,,,,,,,,,,,,,,,,,,,,,,,,,,,,,,,,,,,,,,,,,,,,,,,,,,,,,,,,,,,,,,,,,,,,,,,,,,,,,,,,,,,,,,,,,,,,,,,,,,,,,,,,,,,,,,,,,,,,,,,,,,,,,,,,,,,,,,,,,,,,,,,,,,,,,,,,,,,,,,,,,,,,,,,,,,,,,,,,,,,,,,,,
11,B939EGMRQWFB9E26G0D0RV,,,,5dd61f689740545c506ee244,,,,,,,,,,,,,,,,,,,,,,,,,,,,,,,,,,,,,,,,,,,,,,,,,,,,,,,,,,,,,,,,,,,,,,,,,,,,,,,,,,,,,,,,,,,,,,,,,,,,,,,,,,,,,,,,,,,,,,,,,,,,,,,,,,,,,,,,,,,,,,,,,,,,,,,,,,,,,,,,,,,,,,,,,,,,,,,,,,,,,,,,,,,,,,,,,,,,,,,,,,,,,,,,,,,,,,,,,,,,,,,,,,,,,,,,,,,,,,,,,,,,,,,,,,,,,,,,,,,,,,,,,,,,,,,,,,,,,,,,,,,,,,,,,,,,,,,,,,,,,,,,,,,,,,,,,,,,,,,,,,,,,,,,,,,,,,,,,,,,,,,,,,,,,,,,,,,,,,,,,,,,,,,,,,,,,,,,,,,,,,,,,,,,,,,,,,,,,,,,,,,,,,,,,,,,,,,,,,,,,,,,,,
12,C7DG4B8OTZ6YM049OVPKKP,,,,66c5e67b30db21d563e0024c,,,,,,,,,,,,,,,,,,,,,,,,,,,,,,,,,,,,,,,,,,,,,,,,,,,,,,,,,,,,,,,,,,,,,,,,,,,,,,,,,,,,,,,,,,,,,,,,,,,,,,,,,,,,,,,,,,,,,,,,,,,,,,,,,,,,,,,,,,,,,,,,,,,,,,,,,,,,,,,,,,,,,,,,,,,,,,,,,,,,,,,,,,,,,,,,,,,,,,,,,,,,,,,,,,,,,,,,,,,,,,,,,,,,,,,,,,,,,,,,,,,,,,,,,,,,,,,,,,,,,,,,,,,,,,,,,,,,,,,,,,,,,,,,,,,,,,,,,,,,,,,,,,,,,,,,,,,,,,,,,,,,,,,,,,,,,,,,,,,,,,,,,,,,,,,,,,,,,,,,,,,,,,,,,,,,,,,,,,,,,,,,,,,,,,,,,,,,,,,,,,,,,,,,,,,,,,,,,,,,,,,,,,
13,7JY5FRUDKH7XXL2TVQ4M4,,,,616b2966d0aee4f9879a656b,,,,,,,,,,,,,,,,,,,,,,,,,,,,,,,,,,,,,,,,,,,,,,,,,,,,,,,,,,,,,,,,,,,,,,,,,,,,,,,,,,,,,,,,,,,,,,,,,,,,,,,,,,,,,,,,,,,,,,,,,,,,,,,,,,,,,,,,,,,,,,,,,,,,,,,,,,,,,,,,,,,,,,,,,,,,,,,,,,,,,,,,,,,,,,,,,,,,,,,,,,,,,,,,,,,,,,,,,,,,,,,,,,,,,,,,,,,,,,,,,,,,,,,,,,,,,,,,,,,,,,,,,,,,,,,,,,,,,,,,,,,,,,,,,,,,,,,,,,,,,,,,,,,,,,,,,,,,,,,,,,,,,,,,,,,,,,,,,,,,,,,,,,,,,,,,,,,,,,,,,,,,,,,,,,,,,,,,,,,,,,,,,,,,,,,,,,,,,,,,,,,,,,,,,,,,,,,,,,,,,,,,,,
14,VNHAVON7L5EUBIKVOS90XD,2025-11-17T23:41:10+00:00,,,6785704c3b1ab8813a4958b0,"1,2,3,4,5,6,7,8,9,10,11,12,13,14,15,16,17,18,19,20,21,22,23,24,25,26,27,28,29,30,31,32,33,34,35,36,37,38,39,40,41,42,43,44,45,46,47,48,49,50,51,52,53,54,55,56,57,58,59,60,61,62,63,64,65,66,67,68,69,70,71,72,73,74,75,76,77,78,79,80,81,82,83,84,85",1,1,1,2,N/A,3,N/A,1,1,2,3,1,3,3,3,1,1,3,4,4,2,3,4,3,3,3,4,2,4,3,3,2,4,4,1,4,1,2,2,1,1,1,2,2,2,3,4,1,1,1,2,3,4,3,1,1,2,1,1,1,4,1,4,4,2,4,2,1,1,3,4,2,4,3,1,2,3,1,4,3,1,1,2,3,N/A,true,true,true,true,N/A,false,N/A,true,true,true,true,false,false,true,true,true,true,true,true,true,false,false,true,true,false,false,true,true,true,false,true,true,true,false,false,true,true,true,false,false,true,false,false,true,true,true,true,true,true,false,true,true,true,true,true,true,false,true,true,true,true,true,true,true,true,false,true,true,false,true,true,true,true,true,true,true,true,false,true,true,true,false,true,true,N/A,11491,4398,1789,1184,N/A,2470,N/A,2080,1556,2273,2797,1559,2548,2743,1789,1768,1607,1774,1889,2356,2943,2238,3361,1464,1971,1950,3917,3088,2610,3721,4267,3594,2064,4281,2646,1527,1811,4127,6178,4330,1492,2176,3601,1676,2175,4339,1963,1543,1564,2057,2337,1908,2787,2759,1985,6137,2461,2767,3210,3910,1913,1900,2642,1283,3753,2889,2275,3090,3848,3446,2883,2685,2871,1592,1984,3617,1248,5405,3027,2830,6425,7000,6099,4199,N/A,50.73,55.27,48.64,34.64,N/A,60.73,N/A,57.55,13.64,36.73,59.45,36.09,57.27,61.91,59.82,14.36,17.73,60.64,82.82,85.27,34.27,61.27,87.82,59.09,59.09,59.09,80.09,29.64,82,62,57.55,37.64,81,85.18,18.09,78.45,11.73,38.09,34.45,16,16,17.09,34.45,34.45,34.45,64.18,85,15,13.09,13.09,32.91,59.09,88,57.09,14,47.25,41.29,81.34,50.66,17.8,84.47,18.56,85.42,83.05,41.29,84.85,43.75,19.13,18.09,57.39,82.67,40.81,78.98,67.42,19.51,44.7,60.04,12.88,91.19,59.94,15.34,19.13,45.55,66.19,N/A,79.97,85.78,84.49,67.04,N/A,73.67,N/A,76.58,72.05,71.57,71.73,70.27,75.28,77.22,69.79,75.28,69.63,65.59,64.14,62.84,70.27,70.44,78.35,72.86,72.86,72.86,70.11,74.64,69.47,72.37,73.83,77.54,74.47,61.87,73.99,71.57,72.37,78.84,74.47,75.28,75.28,74.64,75.93,75.93,75.93,72.7,70.6,73.34,75.12,75.12,77.54,71.89,74.47,63.81,63,68.92,55.21,52.43,66.15,58.16,54.51,53.82,52.78,47.22,50.69,50.35,53.65,54.86,52.26,53.47,52.6,48.96,52.26,53.47,52.26,47.57,48.26,51.56,48.44,48.61,56.6,54.69,52.6,54.69,N/A
15,NCSHLGWZNWROT0J59FPFRQ,2025-11-17T23:51:22+00:00,,,66c5118758e462c3fe742d2a,"1,2,3,4,5,6,7,8,9,10,11,12,13,14,15,16,17,18,19,20,21,22,23,24,25,26,27,28,29,30,31,32,33,34,35,36,37,38,39,40,41,42,43,44,45,46,47,48,49,50,51,52,53,54,55,56,57,58,59,60,61,62,63,64,65,66,67,68,69,70,71,72,73,74,75,76,77,78,79,80,81,82,83,84,85",1,1,1,2,N/A,1,N/A,1,3,2,3,1,3,3,4,1,1,3,4,2,3,3,4,4,2,4,4,4,3,2,3,2,4,1,3,4,1,2,2,3,1,3,3,2,2,1,1,3,4,2,3,3,2,3,2,1,4,1,1,1,4,4,2,4,2,4,4,1,2,4,4,3,4,1,1,2,3,3,4,3,1,2,4,2,N/A,true,true,true,true,N/A,false,N/A,true,false,true,true,false,false,true,false,true,true,true,true,false,false,false,true,false,false,false,true,false,false,true,true,true,true,true,false,true,true,true,false,true,true,false,true,true,true,false,false,false,false,false,false,true,false,true,false,true,true,true,true,true,true,false,false,true,true,false,false,true,false,false,true,false,true,false,true,true,true,false,true,true,true,true,false,false,N/A,46730,33462,9627,3767,N/A,6904,N/A,12184,9367,4117,3767,5485,4484,9809,3459,2748,3817,2219,3246,5452,4068,5184,5112,4616,9256,6099,13254,2593,3981,4868,4755,5691,3206,3245,4460,1631,2814,9382,2838,2708,2579,3818,12924,2089,7513,4648,15419,2725,3023,18207,12047,2664,55096,2623,4752,15230,15791,111,10502,3457,5460,251,4969,3989,5745,3376,9205,4752,3214,3257,3784,5266,2089,3191,4109,2276,2284,8855,5215,1990,4021,267012,2542,3758,N/A,46.73,54.18,54.18,38.55,N/A,16.36,N/A,52.64,60.82,32.27,59.82,18.36,62.36,59.55,86,14.55,16.91,61.82,87.82,40.27,62.91,60,88.91,85.55,41.55,86.36,82.91,85.45,59.55,35.27,64.18,40.55,84.91,18.64,61.18,87.09,13.55,37,36.09,58,12.91,61.82,60.36,35.45,35.45,10.82,14.82,63.09,90.18,39.27,57.36,58.64,35.09,57.27,35.73,48.11,86.74,82.58,51.7,11.46,84.47,84.28,39.49,85.13,33.33,90.44,87.03,15.34,37.69,86.74,85.8,60.51,85.61,17.71,16.29,38.83,57.95,57.39,81.25,61.93,19.79,35.89,81.82,39.02,N/A,82.23,82.55,82.71,73.02,N/A,63.65,N/A,79.48,78.51,72.86,73.67,68.5,67.69,74.31,71.41,77.87,72.05,66.88,71.41,78.51,67.69,72.37,67.21,74.64,74.47,76.58,75.93,77.54,73.34,65.27,73.67,68.66,73.51,72.37,71.73,82.23,63.65,76.9,75.12,76.9,66.88,71.08,80.78,73.67,77.38,71.08,80.78,65.91,66.56,65.91,67.69,64.94,72.86,73.83,76.9,69.27,52.78,52.78,63.19,50.17,58.68,52.95,56.08,55.03,52.43,45.66,49.48,50,52.08,50,48.61,53.65,51.22,51.22,48.96,55.56,52.6,55.56,55.03,51.04,54.17,55.21,51.39,53.47,N/A
16,Q1Q997NXJAP1XA0DRO0YL,2025-11-17T23:50:52+00:00,,,5e29cc3230cf9d03580c34bf,"1,2,3,4,5,6,7,8,9,10,11,12,13,14,15,16,17,18,19,20,21,22,23,24,25,26,27,28,29,30,31,32,33,34,35,36,37,38,39,40,41,42,43,44,45,46,47,48,49,50,51,52,53,54,55,56,57,58,59,60,61,62,63,64,65,66,67,68,69,70,71,72,73,74,75,76,77,78,79,80,81,82,83,84,85",1,1,1,2,N/A,3,N/A,1,1,2,3,1,2,3,3,1,1,3,4,2,1,3,1,4,4,2,1,2,1,4,3,2,4,1,1,4,1,2,4,3,1,2,1,2,2,3,4,1,4,1,2,3,4,3,1,1,4,1,1,1,4,1,2,4,4,2,2,1,3,3,4,2,3,3,1,2,3,4,4,3,2,2,2,2,N/A,true,true,true,true,N/A,false,N/A,true,true,true,true,false,true,true,true,true,true,true,true,false,true,false,false,false,true,true,false,true,false,false,true,true,true,true,false,true,true,true,true,true,true,true,false,true,true,true,true,true,false,false,true,true,true,true,true,true,true,true,true,true,true,true,false,true,false,true,true,true,true,true,true,true,false,true,true,true,true,true,true,true,false,true,true,false,N/A,16206,15690,2839,3652,N/A,7879,N/A,5089,5223,14329,9465,2313,8174,4534,6299,2965,1879,4921,7061,8239,7917,4839,4528,10032,8038,2841,11422,3126,10622,6989,9733,4104,5754,5489,9462,4356,5129,7547,10214,14491,3559,4767,6388,3450,6549,14759,11353,7432,5733,5539,12195,4406,5889,7883,6677,11117,11807,4869,2599,2716,3231,1778,4087,4736,5344,3548,4371,3564,6578,6309,3783,4658,9619,7147,3494,9174,2822,9010,5207,10087,7070,7965,2638,4529,N/A,50,45.45,45.55,37,N/A,59.64,N/A,52.27,12.18,35.91,58.09,37.18,38.45,60.82,60.91,15.45,14.45,59.27,89.27,39.45,14.91,63.18,14.91,86,89.55,37.91,13.18,33.36,13.36,83.36,58.55,39.73,87.18,15.82,12.09,85.36,15.64,37.82,81.91,62.64,13.27,36.45,12,34.18,38.09,64,84.82,16.09,85.73,14.64,35.55,63.27,83.27,59.18,12.09,51.7,78.79,48.11,47.73,15.34,89.49,19.32,37.88,83.81,83.62,36.84,37.31,18.28,61.74,63.64,87.88,39.77,61.55,64.77,16.76,37.22,59.75,84.56,81.44,61.17,40.25,39.3,38.64,38.35,N/A,81.26,81.74,82.88,72.21,N/A,71.24,N/A,83.2,71.24,72.54,71.08,69.63,71.89,71.24,72.05,73.18,73.34,69.79,68.17,69.14,72.37,73.83,75.93,70.76,71.41,69.14,72.54,70.76,69.47,70.11,70.11,71.73,70.11,68.34,66.88,71.41,69.47,70.76,66.56,72.54,72.37,70.27,71.89,70.76,71.41,70.6,72.86,70.11,64.14,69.79,69.47,66.07,71.89,72.54,71.24,72.57,54.86,69.62,62.67,48.78,52.08,50.69,51.56,52.08,52.08,50.35,50.69,52.08,51.74,50.35,50.52,51.04,53.99,51.39,54.34,50.35,51.04,49.83,49.31,50,54.69,52.95,50.17,49.65,N/A
17,UHSH1Y5DOJJVBZA0SEL5,2025-11-18T00:03:52+00:00,,,67611f8fd06bcb2fd3c6f901,"1,2,3,4,5,6,7,8,9,10,11,12,13,14,15,16,17,18,19,20,21,22,23,24,25,26,27,28,29,30,31,32,33,34,35,36,37,38,39,40,41,42,43,44,45,46,47,48,49,50,51,52,53,54,55,56,57,58,59,60,61,62,63,64,65,66,67,68,69,70,71,72,73,74,75,76,77,78,79,80,81,82,83,84,85",1,1,1,2,N/A,3,N/A,1,1,2,3,1,2,3,3,1,1,3,4,2,1,1,1,4,2,2,1,2,3,2,2,2,4,1,1,4,1,4,3,3,1,3,1,2,2,1,4,3,4,1,2,3,4,3,1,1,4,1,1,1,4,1,4,4,2,2,4,1,3,3,4,2,2,2,1,2,3,4,3,4,1,1,2,2,N/A,true,true,true,true,N/A,false,N/A,true,true,true,true,false,true,true,true,true,true,true,true,false,true,true,false,false,false,true,false,true,false,true,false,true,true,true,false,true,true,false,false,true,true,false,false,true,true,false,true,false,false,false,true,true,true,true,true,true,true,true,true,true,true,true,true,true,true,true,false,true,true,true,true,true,false,false,true,true,true,true,false,false,true,false,true,false,N/A,18411,4324,2314,2362,N/A,3678,N/A,3129,2915,3489,2552,9032,171,5614,2370,3423,3541,6796,3416,8610,7015,7636,11012,6793,8119,1492,7570,3905,7813,6154,3401,2433,4470,10056,2390,2530,17828,7801,1646,3436,1618,3037,3549,4911,2552,1548,6969,6364,4123,2814,6805,3268,7802,8633,2895,4622,7967,3445,4311,3406,3483,12059,9075,20451,10419,5388,3985,8888,6660,9683,5416,9538,16536,5971,8673,2938,2061,37405,3337,17835,3880,2264,27396,4626,N/A,54.18,52.73,50,40.82,N/A,60.36,N/A,56.09,21,40.36,60.09,40.45,40.45,64.45,64.82,12.64,10,62.18,86.27,39.64,14.73,16.45,14.64,82.09,35.64,36.73,14.55,37.36,63.91,36.27,40.27,40.64,85.55,17.45,14.82,82.91,17.82,91.27,63.27,62.27,11.55,61.45,7.27,40.82,38.73,9.64,87.18,63.09,90,13.27,34.27,58.36,85.73,69.09,11,56.44,82.39,61.46,50.47,17.23,90.72,14.58,83.33,89.87,39.49,42.23,86.36,12.5,62.59,62.12,81.25,44.79,33.52,33.71,15.53,36.08,66.86,84.75,62.5,89.96,16.1,16.1,28.13,34.66,N/A,80.78,74.64,79.97,56.54,N/A,65.11,N/A,81.1,72.37,73.34,62.68,71.73,71.73,66.4,65.91,65.43,75.77,67.37,63.49,72.7,79.64,74.15,79.32,62.36,70.44,71.24,75.12,65.43,67.69,70.92,66.88,70.44,73.02,56.06,59.61,66.24,63,72.86,62.36,63.81,60.9,66.72,63.49,58.16,63.49,64.3,75.12,79.97,73.99,68.01,67.21,59.45,60.42,47.17,65.11,72.4,59.38,76.22,62.67,57.12,56.6,57.81,47.92,46.18,59.72,57.29,56.6,48.61,40.97,46.7,46.01,46.7,55.03,54.51,56.25,52.78,54.34,53.47,55.38,54.17,56.25,56.25,51.22,55.38,N/A
18,NTTI7C44YWV8C8SE4BQW,2025-11-18T00:04:43+00:00,,,6701e7c8b53a034b66f93fd8,"1,2,3,4,5,6,7,8,9,10,11,12,13,14,15,16,17,18,19,20,21,22,23,24,25,26,27,28,29,30,31,32,33,34,35,36,37,38,39,40,41,42,43,44,45,46,47,48,49,50,51,52,53,54,55,56,57,58,59,60,61,62,63,64,65,66,67,68,69,70,71,72,73,74,75,76,77,78,79,80,81,82,83,84,85",1,1,1,2,N/A,3,N/A,1,1,2,3,1,4,3,3,1,1,3,4,2,2,3,3,1,1,2,4,2,4,2,1,2,4,1,1,4,1,2,4,3,1,2,2,2,2,1,4,1,4,2,2,3,4,1,2,1,2,1,1,1,4,1,4,3,2,2,2,1,3,3,3,2,4,3,1,3,3,4,4,4,1,2,2,1,N/A,true,true,true,true,N/A,false,N/A,true,true,true,true,false,false,true,true,true,true,true,true,false,false,false,false,false,false,true,true,true,true,true,false,true,true,true,false,true,true,true,true,true,true,true,false,true,true,false,true,true,false,false,true,true,true,false,false,true,false,true,true,true,true,true,true,false,true,true,true,true,true,true,false,true,true,true,true,false,true,true,true,false,true,true,true,false,N/A,1718,1063,2047,3063,N/A,1244,N/A,1362,4730,4364,4178,3562,3927,4260,3347,1631,2930,2579,2980,9395,6345,1860,8397,3912,6894,1225,6080,3496,4380,6262,15795,3481,5013,1914,4664,1978,3529,5328,10728,9780,2043,3180,6897,1204,1258,2145,3063,5463,7764,10997,10096,2530,2407,2914,3947,4877,1963,1944,830,2046,3244,3244,2361,3511,6194,6845,8246,2195,2196,6627,5345,5396,7827,8279,3914,6359,6093,3048,4530,4228,5345,20048,6313,5830,N/A,41.82,41.09,41.09,39.73,N/A,58.45,N/A,54.36,8.18,38.27,59.36,37.82,87.09,58.18,57.36,13.64,14.36,55.82,87.27,38.45,38,58,63.27,16.91,14.91,34.82,85.09,36.09,82.91,39.45,8.45,33.82,90.55,13.27,9.27,82.91,9.82,30.82,89.09,57.73,12.73,33.91,39,39.18,39.27,13,84.73,18.45,84.09,35.55,40.09,65.09,79.73,13.18,37.45,49.81,49.81,96.5,48.86,12.41,91.76,15.25,92.14,66.76,40.63,42.61,44.32,8.14,61.93,60.32,60.32,37.88,85.89,68.84,17.14,56.53,53.5,85.89,89.96,88.73,12.22,34.38,43.18,18.37,N/A,76.58,80.94,80.94,79.16,N/A,74.64,N/A,83.52,78.03,73.51,73.67,73.18,63.17,72.86,62.2,71.89,70.76,64.46,72.54,70.27,68.01,70.11,72.37,74.31,73.18,68.82,59.94,71.89,75.77,71.41,71.41,71.24,65.27,69.47,71.73,68.01,71.41,63.33,73.18,79,73.83,77.38,79,79.48,79.48,77.71,77.71,68.82,72.86,72.86,80.13,74.47,76.25,77.38,74.15,69.97,69.97,46.18,67.71,57.29,49.65,60.24,49.13,49.83,54.17,59.03,56.08,51.91,54.86,58.68,58.68,56.6,49.83,53.3,54.17,48.26,44.62,48.96,51.74,51.22,50.52,48.61,50.87,44.97,N/A
19,Z3D5OUIB9SOTEGWX7T4NS,2025-11-18T00:23:13+00:00,,,5ebe14249a676b1650b48531,"1,2,3,4,5,6,7,8,9,10,11,12,13,14,15,16,17,18,19,20,21,22,23,24,25,26,27,28,29,30,31,32,33,34,35,36,37,38,39,40,41,42,43,44,45,46,47,48,49,50,51,52,53,54,55,56,57,58,59,60,61,62,63,64,65,66,67,68,69,70,71,72,73,74,75,76,77,78,79,80,81,82,83,84,85",1,1,1,4,N/A,1,N/A,1,3,2,3,1,2,3,3,1,1,3,4,2,1,3,3,2,1,2,3,2,3,2,2,3,4,4,3,4,3,2,3,3,1,2,3,2,2,3,4,3,4,2,1,3,4,3,2,1,3,1,1,1,4,1,4,3,3,2,2,4,1,1,3,3,4,3,1,2,3,3,4,2,1,2,4,2,N/A,true,true,true,false,N/A,false,N/A,true,false,true,true,false,true,true,true,true,true,true,true,false,true,false,false,false,false,true,false,true,false,true,false,false,true,false,false,true,false,true,false,true,true,true,true,true,true,true,true,false,false,false,false,true,true,true,false,true,false,true,true,true,true,true,true,false,false,true,true,false,false,false,false,false,true,true,true,true,true,false,true,false,true,true,false,false,N/A,160771,196694,708616,1658,N/A,3810,N/A,32523,2385,2114,2156,1423,1736,1772,3055,1387,2826,1409,1659,1971,3745,2570,1886,1251,1302,1381,3438,961,8596,1558,80987,3724,2009,3007,1412,1359,2141,2365,2755,1145,1999,3319,1445,1129,1018,3982,2214,2149,4016,3141,2356,1630,2770,4757,1672,2228,1800,1005,34034,3346,2550,3493,3424,3769,3587,4628,2848,2613,1522,5199,71188,1230,1823,2143,2386,3858,1588,2092,1629,3133,1922,2592,3404,2656,N/A,56.55,44.64,51.73,83,N/A,13.55,N/A,58.18,56.27,39.55,59.82,33.18,33.18,57.82,62.73,14.55,20.55,55.82,93.45,38.45,13.55,59.91,59.91,39.36,17.64,37.82,58.82,32.82,58.27,37.36,36.55,56.18,93,86.45,58.09,86.27,70.82,40.27,60.45,60.45,14.73,35.55,59.82,40.09,40.09,63.27,86.27,52.64,84.36,39.18,20.55,57.64,82.64,58.55,33.64,57.2,69.41,88.92,57.01,13.16,87.69,11.27,90.06,54.64,67.14,32.95,44.98,82.86,17.33,18.66,65.81,65.81,85.8,58.14,19.03,34.28,64.68,60.8,81.91,42.61,14.3,41.86,82.01,40.81,N/A,79.81,76.58,80.29,68.01,N/A,74.31,N/A,80.13,72.86,72.86,72.86,72.54,72.54,73.99,76.9,80.29,71.89,73.34,64.62,71.89,71.89,73.02,73.02,76.41,65.43,72.37,73.18,70.6,64.62,66.56,72.54,68.17,71.57,68.82,72.7,76.25,72.7,72.86,76.9,76.9,72.86,73.67,75.28,74.8,74.8,73.02,72.21,68.66,74.31,74.8,70.44,72.21,71.08,75.12,75.93,69.62,50.17,54.51,59.9,51.22,55.21,50.69,56.42,53.3,57.64,54.34,57.29,52.6,51.74,50.35,57.99,57.99,56.08,59.72,56.25,54.17,52.95,56.6,48.96,54.69,52.08,51.22,54.51,53.99,N/A
20,9OWO5GW12D6ORMVGSJ1OA,2025-11-18T00:11:11+00:00,,,60fa23798a416fb0d9e4ec76,"1,2,3,4,5,6,7,8,9,10,11,12,13,14,15,16,17,18,19,20,21,22,23,24,25,26,27,28,29,30,31,32,33,34,35,36,37,38,39,40,41,42,43,44,45,46,47,48,49,50,51,52,53,54,55,56,57,58,59,60,61,62,63,64,65,66,67,68,69,70,71,72,73,74,75,76,77,78,79,80,81,82,83,84,85",1,1,1,2,N/A,4,N/A,1,1,2,1,1,4,4,3,1,1,3,4,1,3,2,3,3,4,2,4,4,1,1,3,2,1,3,1,4,1,4,4,2,1,3,2,2,2,1,4,1,4,3,3,2,4,2,2,1,2,1,1,1,4,1,4,4,2,2,2,1,1,4,1,2,4,4,1,1,3,3,4,1,1,3,1,3,N/A,true,true,true,true,N/A,true,N/A,true,true,true,false,false,false,false,true,true,true,true,true,false,false,false,false,true,true,true,true,false,false,false,true,true,false,false,false,true,true,false,true,false,true,false,false,true,true,false,true,true,false,true,false,false,true,false,false,true,false,true,true,true,true,true,true,true,true,true,true,true,false,false,false,true,true,false,true,false,true,false,true,false,true,false,false,true,N/A,19997,6603,28568,4933,N/A,6640,N/A,14003,5805,10325,8077,4797,4976,12357,3439,14544,3805,2332,5839,13559,5166,3629,9334,2357,2374,6341,5197,16734,4917,3486,4102,4693,3182,4543,7052,1814,3261,6077,5430,5318,2917,10893,5615,1950,2085,3926,4598,2333,2197,1838,3670,26005,4765,1406,93,17501,125,5330,3029,3294,4068,3947,4495,6932,8322,5925,4246,3622,8286,4621,5734,3861,7006,50053,3332,4030,2061,6798,3565,3182,9630,12669,9141,1750,N/A,48.45,45.36,48.55,37.55,N/A,82.73,N/A,46.73,12.55,39,11.82,38.45,82.36,81.64,63.82,14.91,14.18,61,79.82,17.64,64.91,38.27,65.18,59.45,83.45,38.73,83.73,82.45,15.09,9.82,60.45,38.45,13.36,62.64,12.55,79.27,13.73,81.45,81.55,40.55,11.82,60.27,36.18,41.27,39.82,14.27,82.27,15.09,80.91,58.82,61.09,43.36,83.64,36.18,36.18,48.39,48.39,80.4,50.76,16.1,84.38,10.23,79.17,83.52,44.32,39.2,40.91,10.23,18.75,87.12,10.61,38.54,87.12,84.94,16,15.44,59.66,59.75,85.23,18.47,17.8,64.02,16.67,60.61,N/A,81.91,77.54,82.23,67.21,N/A,70.76,N/A,82.71,68.01,65.43,72.05,72.21,74.96,76.25,73.67,67.04,79.32,75.12,71.73,76.25,79.97,72.7,75.44,66.88,71.89,69.14,73.99,63.65,76.09,71.89,74.15,74.64,74.96,70.27,72.05,73.02,73.67,77.54,75.44,78.84,73.67,72.21,72.05,74.8,76.9,71.89,77.54,68.34,71.57,76.74,75.28,73.02,66.88,74.31,74.31,68.92,68.92,58.33,62.67,52.95,57.12,50.87,55.56,52.95,57.29,53.3,54.69,47.05,57.99,57.12,57.99,53.65,50,49.83,57.81,58.51,48.78,55.73,47.57,53.3,57.29,52.78,58.51,57.81,N/A
21,NQFDSG4AO8RHTN5CTS4W,2025-11-18T00:14:24+00:00,,,5ee7dd7349c24c0c91844d36,"1,2,3,4,5,6,7,8,9,10,11,12,13,14,15,16,17,18,19,20,21,22,23,24,25,26,27,28,29,30,31,32,33,34,35,36,37,38,39,40,41,42,43,44,45,46,47,48,49,50,51,52,53,54,55,56,57,58,59,60,61,62,63,64,65,66,67,68,69,70,71,72,73,74,75,76,77,78,79,80,81,82,83,84,85",1,1,1,3,N/A,1,N/A,1,1,2,3,1,3,1,3,1,1,3,4,4,1,1,1,3,3,2,4,2,1,4,3,2,4,1,1,4,1,2,4,3,1,2,3,2,2,3,4,3,1,3,2,3,4,3,1,1,4,1,1,1,4,1,2,2,2,3,2,1,3,3,4,2,2,3,1,2,3,4,4,3,1,2,3,3,N/A,true,true,true,false,N/A,false,N/A,true,true,true,true,false,false,false,true,true,true,true,true,true,true,true,false,true,false,true,true,true,false,false,true,true,true,true,false,true,true,true,true,true,true,true,true,true,true,true,true,false,true,true,true,true,true,true,true,true,true,true,true,true,true,true,false,false,true,false,true,true,true,true,true,true,false,true,true,true,true,true,true,true,true,true,false,true,N/A,5419,6107,2455,4671,N/A,5437,N/A,3329,2374,3729,4316,3804,6332,3950,2119,2984,2869,2393,3815,5677,2438,5622,5520,5435,3769,1527,3613,4920,1973,7066,4404,3056,4805,5605,3261,2667,2723,2540,5492,2823,3338,4338,1784,3874,1699,3743,7062,3717,2575,3524,7692,2839,8834,2977,6476,3658,2992,1210,1953,3242,1594,1666,36,6083,2465,6028,7609,2796,3655,3950,6753,4660,9589,6620,3790,6393,1893,6538,8591,7183,5727,4013,5929,9593,N/A,45.64,55.91,62.18,62.18,N/A,13.91,N/A,41.36,12.36,36.64,61.91,35.09,60.45,14.64,59.64,13.91,17,60,84,83.36,7,8.82,13,68.64,63.09,31.82,80.36,35.09,11.91,89.55,56.82,34.91,89,12.91,15.36,87.55,6,40.45,87.45,62.45,15.64,38.45,60.55,39.73,36.91,58.82,85.55,64.45,15.73,58.18,38.73,65.45,87.73,65.73,12.36,56.44,97.44,76.8,76.8,13.64,80.49,16.95,40.53,33.43,38.07,60.42,44.41,20.45,63.92,55.49,82.29,42.42,32.77,63.45,22.44,37.97,65.25,88.54,80.02,54.92,21.12,31.53,63.92,60.51,N/A,39.74,82.07,84.17,71.57,N/A,73.18,N/A,77.38,60.74,76.09,65.59,72.7,72.21,68.17,63.33,66.72,67.37,76.41,73.51,63.97,81.42,77.22,73.67,70.76,74.8,68.01,63.81,78.03,77.54,67.53,66.56,70.92,67.85,73.67,69.95,85.3,66.56,71.89,75.12,78.35,81.26,76.41,67.85,71.41,61.39,72.86,71.57,65.27,66.24,76.25,78.19,72.54,71.89,80.61,69.79,86.28,51.91,84.2,84.2,53.3,51.39,54.51,92.88,48.96,55.03,56.08,47.22,55.9,49.65,42.01,43.75,51.04,47.74,46.35,52.6,50.87,50.35,50.87,42.88,50.17,47.4,50,44.97,52.78,N/A
22,Y0LR8H5EWGQ2O4L038P835,2025-11-18T00:27:29+00:00,,,650b03136ab3d4c832d98b71,"1,2,3,4,5,6,7,8,9,10,11,12,13,14,15,16,17,18,19,20,21,22,23,24,25,26,27,28,29,30,31,32,33,34,35,36,37,38,39,40,41,42,43,44,45,46,47,48,49,50,51,52,53,54,55,56,57,58,59,60,61,62,63,64,65,66,67,68,69,70,71,72,73,74,75,76,77,78,79,80,81,82,83,84,85",1,1,1,2,N/A,4,N/A,1,3,2,3,1,2,3,3,1,1,3,4,2,4,1,3,3,2,2,4,2,4,3,1,2,4,1,4,4,3,4,3,3,1,2,1,2,2,1,2,2,1,3,2,2,4,1,4,1,3,1,1,1,4,1,4,4,2,2,2,1,3,3,4,2,4,2,1,2,3,2,3,3,2,2,2,2,N/A,true,true,true,true,N/A,true,N/A,true,false,true,true,false,true,true,true,true,true,true,true,false,false,true,false,true,false,true,true,true,true,false,false,true,true,true,true,true,false,false,false,true,true,true,false,true,true,false,false,false,true,true,true,false,true,false,false,true,false,true,true,true,true,true,true,true,true,true,true,true,true,true,true,true,true,false,true,true,true,false,false,true,false,true,true,false,N/A,6058,15554,5879,14186,N/A,16965,N/A,7118,17150,5881,5364,2447,15138,5474,5016,5047,11324,3324,6655,3474,5764,4019,5338,5356,4762,7068,2679,1590,4364,19587,6051,2520,2888,5666,5772,5951,6911,4231,3336,6453,13531,4190,9326,3748,2689,2977,3786,5693,3103,17409,6195,2591,3511,5276,8741,11588,8514,47,2764,2959,4354,2805,3269,3281,9652,11558,10413,7187,4933,4254,9466,6085,5253,8920,6429,10514,2662,14730,6358,9645,14427,5184,6819,10062,N/A,40.27,53.27,50.55,34.73,N/A,88.55,N/A,44.82,57.82,37.82,57.18,38.45,33.64,66.27,61.18,17.45,12.73,60.45,89.09,39.73,81.82,16.18,59.82,59.82,41.27,41.27,79.09,34.27,83.18,56.09,11.27,39.45,85.45,16.27,80.09,87.64,60.18,78,65.82,58.45,18,39.91,18.91,36.64,36.64,13.09,38.18,39.27,6.27,59.09,35.55,35.55,85.64,13.55,86.91,54.55,54.55,84.75,56.53,20.08,85.89,15.91,85.13,83.33,41.86,38.83,45.27,11.93,63.45,63.45,81.63,41.29,84.85,40.72,3.79,40.06,63.45,40.34,60.32,69.6,42.42,39.3,39.77,43.18,N/A,42.65,79.32,83.04,76.09,N/A,74.96,N/A,81.58,74.64,73.83,72.54,70.76,71.08,76.41,74.47,76.41,69.14,74.96,75.28,76.41,78.35,70.76,77.06,77.06,77.87,77.87,75.12,71.57,73.34,74.15,71.57,73.83,68.82,71.57,76.09,72.05,74.31,73.18,72.7,73.34,68.5,72.05,67.37,68.34,68.34,68.66,71.57,72.86,68.34,73.34,67.37,67.37,69.31,59.29,59.45,52.26,52.08,48.96,61.63,57.99,50.87,52.78,52.43,54.17,54.34,58.16,57.81,55.9,55.03,55.03,58.85,53.13,58.51,55.56,57.81,59.55,60.42,55.56,53.13,51.91,54.17,55.56,55.38,55.03,N/A
23,HYD8T5ZYE0D6WOYXF92QA7,2025-11-18T00:26:20+00:00,,,642b2d8a7b84306d49e2f4b0,"1,2,3,4,5,6,7,8,9,10,11,12,13,14,15,16,17,18,19,20,21,22,23,24,25,26,27,28,29,30,31,32,33,34,35,36,37,38,39,40,41,42,43,44,45,46,47,48,49,50,51,52,53,54,55,56,57,58,59,60,61,62,63,64,65,66,67,68,69,70,71,72,73,74,75,76,77,78,79,80,81,82,83,84,85",1,1,1,2,N/A,3,N/A,1,1,1,2,1,2,4,3,1,1,3,4,1,3,1,4,3,4,2,3,2,4,2,1,3,1,4,2,4,3,2,2,2,1,3,1,2,2,4,4,3,3,1,2,3,4,1,2,1,3,1,1,1,4,1,4,4,2,4,2,2,2,2,4,3,4,2,1,1,3,3,4,1,2,2,2,4,N/A,true,true,true,true,N/A,false,N/A,true,true,false,false,false,true,false,true,true,true,true,true,false,false,true,true,true,true,true,false,true,true,true,false,false,false,false,false,true,false,true,false,false,true,false,false,true,true,false,true,false,false,false,true,true,true,false,false,true,false,true,true,true,true,true,true,true,true,false,true,false,false,false,true,false,true,false,true,false,true,false,true,false,false,true,true,false,N/A,5554,2050,1045,1511,N/A,3646,N/A,1281,3461,1960,2446,670,2913,1876,1091,1654,1610,3804,1254,1885,1812,1231,3487,1741,2696,1849,2079,1136,3004,2263,3033,1212,1157,2118,1180,1398,3022,2620,2438,2131,2114,3257,1992,1572,4264,2192,1603,1808,1947,3604,2147,2834,3408,1904,1172,3237,1361,1881,1782,4108,1385,1342,1235,1758,5752,2318,2350,2661,2795,1072,3307,1424,1074,2079,2297,1154,996,1756,1046,1784,2407,12084,1651,1175,N/A,49.73,48.73,48.73,39.91,N/A,63.09,N/A,55.82,13.91,11.73,33.82,33.82,37.91,83.55,64.36,14.55,10.91,58.64,82.18,16.82,59.64,11.36,85.55,62.91,82.91,38,58.82,40.36,81.45,35.73,16,63,16.09,81.91,48.55,86.18,62,39.55,39,36.64,15.82,58.91,15.27,32.91,34.18,86.18,83.09,55.55,64.45,13.09,39.45,65.36,87.09,14.91,35.18,49.43,63.16,88.64,49.81,9.09,80.49,18.75,82.77,86.17,44.41,83.9,42.99,42.99,39.39,39.39,81.53,67.23,83.9,41.95,16.67,16.67,71.12,69.51,85.7,18.28,44.6,40.53,40.53,84.28,N/A,83.36,78.68,78.68,74.64,N/A,69.31,N/A,77.71,65.59,68.98,66.24,66.24,68.66,75.61,75.12,65.75,63.81,74.8,72.86,68.34,72.7,67.53,74.8,71.08,73.34,70.92,72.21,71.24,75.44,68.98,72.05,72.54,71.24,73.34,69.47,72.37,75.28,75.44,79,71.73,63,77.38,75.12,67.04,69.31,72.86,73.51,77.87,77.38,77.38,78.68,68.34,67.21,72.54,66.4,66.84,54.51,51.39,63.72,56.6,52.6,51.22,57.64,59.03,50.52,58.16,50.87,50.87,50,49.83,53.3,57.47,51.91,42.71,50.87,50.87,54.69,53.99,53.3,46.7,55.73,46.88,46.7,56.94,N/A
24,OUAXHCTL7LGKPVYN44SAJ,,,,67884b1aa6c55d9dd2388778,,,,,,,,,,,,,,,,,,,,,,,,,,,,,,,,,,,,,,,,,,,,,,,,,,,,,,,,,,,,,,,,,,,,,,,,,,,,,,,,,,,,,,,,,,,,,,,,,,,,,,,,,,,,,,,,,,,,,,,,,,,,,,,,,,,,,,,,,,,,,,,,,,,,,,,,,,,,,,,,,,,,,,,,,,,,,,,,,,,,,,,,,,,,,,,,,,,,,,,,,,,,,,,,,,,,,,,,,,,,,,,,,,,,,,,,,,,,,,,,,,,,,,,,,,,,,,,,,,,,,,,,,,,,,,,,,,,,,,,,,,,,,,,,,,,,,,,,,,,,,,,,,,,,,,,,,,,,,,,,,,,,,,,,,,,,,,,,,,,,,,,,,,,,,,,,,,,,,,,,,,,,,,,,,,,,,,,,,,,,,,,,,,,,,,,,,,,,,,,,,,,,,,,,,,,,,,,,,,,,,,,,,,
25,FBG9WKHDS1N0WDA9MOAIIR,2025-11-18T00:40:09+00:00,,,67901f88600a4a86b07e5d99,"1,2,3,4,5,6,7,8,9,10,11,12,13,14,15,16,17,18,19,20,21,22,23,24,25,26,27,28,29,30,31,32,33,34,35,36,37,38,39,40,41,42,43,44,45,46,47,48,49,50,51,52,53,54,55,56,57,58,59,60,61,62,63,64,65,66,67,68,69,70,71,72,73,74,75,76,77,78,79,80,81,82,83,84,85",1,1,1,4,N/A,3,N/A,1,1,2,3,1,4,1,3,1,3,3,3,2,1,1,4,1,1,2,3,1,3,3,3,2,4,1,3,4,1,2,4,3,1,2,2,2,3,4,4,3,4,3,2,3,4,3,2,1,4,1,1,1,4,1,4,4,4,2,2,1,1,3,4,2,4,2,1,2,3,2,4,3,1,2,1,2,N/A,true,true,true,false,N/A,false,N/A,true,true,true,true,false,false,false,true,true,false,true,false,false,true,true,true,false,false,true,false,false,false,false,true,true,true,true,false,true,true,true,true,true,true,true,false,true,false,false,true,false,false,true,true,true,true,true,false,true,true,true,true,true,true,true,true,true,false,true,true,true,false,true,true,true,true,false,true,true,true,false,true,true,true,true,false,false,N/A,9844,5680,2735,4416,N/A,3913,N/A,4020,3722,2338,2190,2436,3594,4555,4141,2294,6490,1554,5371,2294,6246,4058,4151,4442,5356,2901,3884,3823,6954,5631,6352,5449,3274,7803,5211,1903,3651,5243,5319,2662,7695,2362,2556,1840,6144,4713,2429,3155,3245,3872,5064,2076,5539,1961,5745,7157,6461,239,3324,2198,2834,1733,2057,3813,10220,5876,4531,4642,2920,4972,4633,3161,3126,2247,2743,2263,1473,4295,3481,2769,2655,3949,4131,8347,N/A,50.91,50.91,50.91,85.18,N/A,66.55,N/A,56.27,11.55,34.27,64.09,36.82,84.91,10.64,61.09,9,64,64,65.09,31.82,16.45,14.18,86.82,14.91,16.73,35.91,59.82,8.27,64.91,61.36,56.73,33.18,83.64,18.55,59.45,85.45,12.36,37.91,83.27,60.82,11.55,35.45,35.45,35.45,55.91,91.09,86.64,62.45,86.55,61.55,35.55,65.36,84,62.91,32,55.02,83.24,58.33,49.81,6.82,84.28,15.72,89.39,79.45,85.51,36.65,36.65,7.86,7.86,62.97,85.98,37.22,92.14,38.45,13.64,34.56,62.59,40.53,85.7,63.92,7.77,37.03,7.67,37.12,N/A,83.2,83.2,83.2,63.81,N/A,61.23,N/A,83.36,70.92,76.74,73.02,65.43,67.53,63.97,62.84,65.59,63.97,63.97,67.37,66.07,63.81,71.08,60.1,68.66,59.94,58.16,63.97,68.98,67.69,69.79,59.29,63.97,65.91,69.31,64.78,66.72,68.98,62.68,61.87,72.05,59.29,60.58,60.58,60.58,61.07,60.9,70.6,67.53,64.46,64.46,68.5,70.6,65.11,69.47,67.21,70.49,49.31,69.1,62.67,48.96,47.92,50.35,51.74,59.2,52.08,54.86,54.86,47.74,47.74,51.04,52.78,46.35,47.57,46.7,45.49,49.31,49.13,45.14,46.01,51.22,53.65,47.57,52.08,53.3,N/A
26,AAEVEHT02D7AA2I1T7WFY,,,,664f96491b1f7c4bf98dfc87,,,,,,,,,,,,,,,,,,,,,,,,,,,,,,,,,,,,,,,,,,,,,,,,,,,,,,,,,,,,,,,,,,,,,,,,,,,,,,,,,,,,,,,,,,,,,,,,,,,,,,,,,,,,,,,,,,,,,,,,,,,,,,,,,,,,,,,,,,,,,,,,,,,,,,,,,,,,,,,,,,,,,,,,,,,,,,,,,,,,,,,,,,,,,,,,,,,,,,,,,,,,,,,,,,,,,,,,,,,,,,,,,,,,,,,,,,,,,,,,,,,,,,,,,,,,,,,,,,,,,,,,,,,,,,,,,,,,,,,,,,,,,,,,,,,,,,,,,,,,,,,,,,,,,,,,,,,,,,,,,,,,,,,,,,,,,,,,,,,,,,,,,,,,,,,,,,,,,,,,,,,,,,,,,,,,,,,,,,,,,,,,,,,,,,,,,,,,,,,,,,,,,,,,,,,,,,,,,,,,,,,,,,
27,2NBZDUHGCSAV3EMKKUEFD,,,,628f83dc5398c04bac86f9e6,,,,,,,,,,,,,,,,,,,,,,,,,,,,,,,,,,,,,,,,,,,,,,,,,,,,,,,,,,,,,,,,,,,,,,,,,,,,,,,,,,,,,,,,,,,,,,,,,,,,,,,,,,,,,,,,,,,,,,,,,,,,,,,,,,,,,,,,,,,,,,,,,,,,,,,,,,,,,,,,,,,,,,,,,,,,,,,,,,,,,,,,,,,,,,,,,,,,,,,,,,,,,,,,,,,,,,,,,,,,,,,,,,,,,,,,,,,,,,,,,,,,,,,,,,,,,,,,,,,,,,,,,,,,,,,,,,,,,,,,,,,,,,,,,,,,,,,,,,,,,,,,,,,,,,,,,,,,,,,,,,,,,,,,,,,,,,,,,,,,,,,,,,,,,,,,,,,,,,,,,,,,,,,,,,,,,,,,,,,,,,,,,,,,,,,,,,,,,,,,,,,,,,,,,,,,,,,,,,,,,,,,,,
28,DKJ5JU25JWLEZ6D632Z8J,,,,61647de75314468d5cb57f93,,,,,,,,,,,,,,,,,,,,,,,,,,,,,,,,,,,,,,,,,,,,,,,,,,,,,,,,,,,,,,,,,,,,,,,,,,,,,,,,,,,,,,,,,,,,,,,,,,,,,,,,,,,,,,,,,,,,,,,,,,,,,,,,,,,,,,,,,,,,,,,,,,,,,,,,,,,,,,,,,,,,,,,,,,,,,,,,,,,,,,,,,,,,,,,,,,,,,,,,,,,,,,,,,,,,,,,,,,,,,,,,,,,,,,,,,,,,,,,,,,,,,,,,,,,,,,,,,,,,,,,,,,,,,,,,,,,,,,,,,,,,,,,,,,,,,,,,,,,,,,,,,,,,,,,,,,,,,,,,,,,,,,,,,,,,,,,,,,,,,,,,,,,,,,,,,,,,,,,,,,,,,,,,,,,,,,,,,,,,,,,,,,,,,,,,,,,,,,,,,,,,,,,,,,,,,,,,,,,,,,,,,,
29,5U8DXWXZR8ZQCLDP0TP5I,2025-11-18T01:51:38+00:00,,,60fd6618f9a377f54dcdf318,"1,2,3,4,5,6,7,8,9,10,11,12,13,14,15,16,17,18,19,20,21,22,23,24,25,26,27,28,29,30,31,32,33,34,35,36,37,38,39,40,41,42,43,44,45,46,47,48,49,50,51,52,53,54,55,56,57,58,59,60,61,62,63,64,65,66,67,68,69,70,71,72,73,74,75,76,77,78,79,80,81,82,83,84,85",1,1,1,4,N/A,4,N/A,1,1,1,1,1,3,1,2,1,1,2,4,2,2,1,3,1,4,2,3,2,3,3,3,3,4,1,3,4,1,2,2,3,3,3,1,2,2,3,3,2,4,4,1,2,3,4,3,1,3,1,1,1,4,1,4,4,1,2,4,4,2,3,1,2,4,3,1,4,3,4,4,3,1,2,2,1,N/A,true,true,true,false,N/A,true,N/A,true,true,false,false,false,false,false,false,true,true,false,true,false,false,true,false,false,true,true,false,true,false,false,true,false,true,true,false,true,true,true,false,true,false,false,false,true,true,true,false,false,false,false,false,false,false,false,false,true,false,true,true,true,true,true,true,true,false,true,false,false,false,true,false,true,true,true,true,false,true,true,true,true,true,true,true,false,N/A,3374,3495,600,5975,N/A,3541,N/A,1216,4089,5998,3706,1149,3010,3334,1232,1878,1450,1763,1447,2371,957,1594,1782,1653,2226,1161,1527,1564,1612,1830,3800,1451,2995,2967,4718,2791,10479,2049,1267,4490,31217,988,1202,950,1174,939,967,1385,1089,764,773,997,504,815,667,3768,1395,1131,3074,2379,3257,3021,4415,1587,3679,3346,3388,2230,2241,4809,3490,3087,1667,1345,1192,2355,1717,2112,1103,1144,4471,2299,3575,2597,N/A,49.36,45.82,45.82,82.45,N/A,86.73,N/A,48.45,15,16,13.09,36.55,66.18,14,34.27,15.55,15.55,33.36,75.55,34.73,34.73,19.36,63.64,17.36,84.82,36.09,54.82,36.82,65.82,56.45,65.36,62,85,16.64,51,88,23.18,41.18,37.27,56.36,59.91,63.36,13.73,38.09,38.09,58.73,60.55,34.27,81.45,83.82,19.55,39.27,59.45,82.36,61.73,51.23,59.28,87.5,48.48,16,86.84,16.48,89.87,89.87,13.83,35.7,86.46,86.46,40.44,61.65,14.3,38.73,95.83,66.19,16.76,90.44,65.06,88.73,88.73,69.79,17.99,31.72,40.91,18.56,N/A,82.23,79.64,79.64,70.76,N/A,75.12,N/A,79.97,68.5,71.89,63.49,71.73,67.21,67.53,66.24,67.21,67.21,67.04,63.65,71.57,71.57,71.41,73.67,75.12,69.95,65.11,67.21,64.3,68.98,65.75,61.87,64.62,70.76,67.21,70.6,69.63,67.85,69.14,68.17,70.76,58.32,69.63,61.39,63.97,63.97,70.11,74.15,66.56,66.56,71.89,73.02,72.7,69.79,69.47,64.78,69.1,58.51,55.03,62.85,53.13,51.04,45.49,48.78,48.78,47.05,51.22,52.43,52.43,45.49,52.43,56.6,53.99,59.2,51.56,52.43,45.31,51.22,50.35,50.35,51.39,46.18,43.4,54.51,52.95,N/A
30,DNQEBIEYUPR2LJQKB59H,2025-11-18T02:58:17+00:00,,,648706968595d07a26faa725,"1,2,3,4,5,6,7,8,9,10,11,12,13,14,15,16,17,18,19,20,21,22,23,24,25,26,27,28,29,30,31,32,33,34,35,36,37,38,39,40,41,42,43,44,45,46,47,48,49,50,51,52,53,54,55,56,57,58,59,60,61,62,63,64,65,66,67,68,69,70,71,72,73,74,75,76,77,78,79,80,81,82,83,84,85",1,1,1,2,N/A,3,N/A,1,1,1,3,1,3,3,3,1,1,3,4,2,1,3,3,1,3,2,4,3,4,2,3,2,4,1,3,4,1,4,4,2,1,2,3,2,2,3,2,2,4,1,4,3,4,1,2,1,2,1,1,1,4,1,4,4,2,2,2,1,2,3,4,3,4,3,1,2,3,4,4,3,1,2,1,2,N/A,true,true,true,true,N/A,false,N/A,true,true,false,true,false,false,true,true,true,true,true,true,false,true,false,false,false,false,true,true,false,true,true,true,true,true,true,false,true,true,false,true,false,true,true,true,true,true,true,false,false,false,false,false,true,true,false,false,true,false,true,true,true,true,true,true,true,true,true,true,true,false,true,true,false,true,true,true,true,true,true,true,true,true,true,false,false,N/A,5271,2804,1122,5241,N/A,10632,N/A,1525,5802,5242,5167,4620,6614,2452,1848,2626,3265,1981,2753,3016,7158,1322,3643,9528,4857,3731,7442,4518,2578,9697,4960,4082,1295,3901,3962,3583,4574,6725,8653,2463,4068,3444,6311,7493,4865,6220,4326,6636,6819,4491,8018,8340,2522,1876,1328,3865,3476,692,883,2049,2111,2595,4134,1364,1897,3323,6817,1279,2952,3065,3973,3497,5692,3277,2595,3540,1072,9288,2340,4827,2335,4948,8529,1763,N/A,51.91,45.27,49.36,39.27,N/A,63.55,N/A,47.45,13.36,9.91,62.09,35.36,60.18,64.27,52.91,9.82,11.82,62.55,87.18,38.18,7.09,59.91,65.27,16.45,65.73,32.55,89,61.27,86.64,34.82,63.64,39,86.18,16.64,63.36,85.82,10.27,85.18,87.27,38.27,14.91,41.91,59.91,34.09,34.36,57.55,36.82,36.27,85,12.55,81.36,68.45,81.45,10.64,39.09,47.63,47.63,95.55,45.55,15.53,89.58,19.13,88.73,90.91,30.02,35.51,43.84,13.83,43.47,60.51,95.36,67.99,94.41,60.7,6.82,39.68,57.77,85.13,85.42,63.16,10.61,39.3,13.92,32.01,N/A,84.01,80.78,83.04,63.81,N/A,72.7,N/A,81.91,70.27,78.84,73.02,71.08,79.97,74.15,77.87,73.02,74.31,77.22,70.92,81.26,74.15,62.52,81.58,76.9,81.74,78.68,70.6,79.81,77.22,76.9,75.61,72.05,68.82,77.71,77.54,74.8,80.29,77.06,70.76,76.41,83.04,70.76,84.01,71.41,70.76,77.71,76.9,80.61,64.14,82.71,74.8,73.51,69.95,82.07,81.26,72.74,72.74,54.86,20.31,51.22,52.6,56.08,56.6,55.73,52.78,49.48,53.13,49.65,53.13,48.44,53.82,56.42,54.34,54.51,56.77,45.49,51.22,51.56,51.22,53.13,44.97,44.1,54.17,55.73,N/A
31,3DGY13LYZYQHLIPTWG6ZVO,2025-11-18T02:58:59+00:00,,,58c38ef58158840001b5c230,"1,2,3,4,5,6,7,8,9,10,11,12,13,14,15,16,17,18,19,20,21,22,23,24,25,26,27,28,29,30,31,32,33,34,35,36,37,38,39,40,41,42,43,44,45,46,47,48,49,50,51,52,53,54,55,56,57,58,59,60,61,62,63,64,65,66,67,68,69,70,71,72,73,74,75,76,77,78,79,80,81,82,83,84,85",1,1,1,2,N/A,3,N/A,1,3,1,3,1,1,4,3,1,1,3,4,1,2,3,1,1,3,2,3,2,1,3,1,3,1,3,2,3,1,4,2,3,1,3,1,2,2,1,4,3,1,4,2,3,4,1,4,1,1,1,1,1,4,1,2,4,3,3,2,3,1,3,3,1,3,3,1,1,3,4,3,4,1,3,2,4,N/A,true,true,true,true,N/A,false,N/A,true,false,false,true,false,false,false,true,true,true,true,true,false,false,false,false,false,false,true,false,true,false,false,false,false,false,false,false,false,true,false,false,true,true,false,false,true,true,false,true,false,true,false,true,true,true,false,false,true,false,true,true,true,true,true,false,true,false,false,true,false,false,true,false,false,false,true,true,false,true,true,false,false,true,false,true,false,N/A,4518,3182,1755,3076,N/A,4206,N/A,1569,2453,3129,1818,2607,2404,4351,2535,2700,3676,2863,3000,2567,2693,2801,3537,2303,2732,4073,2657,1201,2390,3001,1590,2553,2845,1673,1823,1655,1525,3343,1758,3623,3539,3069,1939,1767,2063,4141,2341,2636,1606,2539,1447,1957,2470,3043,2959,3883,1766,595,1959,1583,3168,1703,2868,2611,2451,2583,2605,2565,2386,2289,2131,2147,2739,2015,1953,2303,1205,2743,1911,1302,2533,1495,1847,1641,N/A,46.36,75.27,75.64,35.09,N/A,57.27,N/A,46.73,63.64,14.64,58.73,36.09,14.09,85.55,61.82,10.64,15.82,58.55,82.82,13.27,35.73,61.45,17.18,14.55,59.18,35.36,58,35.45,16.73,61.09,13.82,64.73,12.27,58.36,34.55,61.64,12.55,84.64,35.09,62.27,14.64,63,12.18,35.45,34.09,16.91,86.09,58.64,13,82.09,38.18,60.09,82.45,14.73,85.64,50,50,87.97,53.03,12.78,83.81,13.35,40.15,82.58,64.3,60.51,40.44,61.27,17.52,60.13,58.9,11.84,61.46,64.02,16.19,18.09,65.15,82.77,68.94,87.88,12.31,71.88,36.74,86.65,N/A,78.84,85.46,86.91,70.6,N/A,71.24,N/A,80.29,72.05,70.11,72.86,67.37,70.92,71.41,74.15,69.63,75.93,67.85,71.41,74.15,71.41,77.71,70.27,65.11,69.63,69.95,68.66,72.21,60.9,70.92,68.01,73.67,72.37,73.34,70.76,73.18,69.95,71.24,73.67,70.11,72.54,71.89,70.27,73.18,68.01,67.69,70.11,69.47,70.27,69.31,69.47,68.01,69.95,70.11,70.92,70.83,70.49,48.44,63.02,48.44,52.43,55.21,50.87,57.81,48.78,51.74,52.08,54.17,55.21,52.95,52.78,53.47,53.65,50.35,53.82,52.08,50.69,51.91,51.39,51.22,54.34,51.04,52.43,53.65,N/A
32,XFCTF7Q1Y1J8WM08LDDC1R,,,,58f3760092ac81000154f8af,,,,,,,,,,,,,,,,,,,,,,,,,,,,,,,,,,,,,,,,,,,,,,,,,,,,,,,,,,,,,,,,,,,,,,,,,,,,,,,,,,,,,,,,,,,,,,,,,,,,,,,,,,,,,,,,,,,,,,,,,,,,,,,,,,,,,,,,,,,,,,,,,,,,,,,,,,,,,,,,,,,,,,,,,,,,,,,,,,,,,,,,,,,,,,,,,,,,,,,,,,,,,,,,,,,,,,,,,,,,,,,,,,,,,,,,,,,,,,,,,,,,,,,,,,,,,,,,,,,,,,,,,,,,,,,,,,,,,,,,,,,,,,,,,,,,,,,,,,,,,,,,,,,,,,,,,,,,,,,,,,,,,,,,,,,,,,,,,,,,,,,,,,,,,,,,,,,,,,,,,,,,,,,,,,,,,,,,,,,,,,,,,,,,,,,,,,,,,,,,,,,,,,,,,,,,,,,,,,,,,,,,,,
33,P2CQVSG4E0G3NODRR7Z0TN,,,,608bfa04767191aa4d57bfd8,,,,,,,,,,,,,,,,,,,,,,,,,,,,,,,,,,,,,,,,,,,,,,,,,,,,,,,,,,,,,,,,,,,,,,,,,,,,,,,,,,,,,,,,,,,,,,,,,,,,,,,,,,,,,,,,,,,,,,,,,,,,,,,,,,,,,,,,,,,,,,,,,,,,,,,,,,,,,,,,,,,,,,,,,,,,,,,,,,,,,,,,,,,,,,,,,,,,,,,,,,,,,,,,,,,,,,,,,,,,,,,,,,,,,,,,,,,,,,,,,,,,,,,,,,,,,,,,,,,,,,,,,,,,,,,,,,,,,,,,,,,,,,,,,,,,,,,,,,,,,,,,,,,,,,,,,,,,,,,,,,,,,,,,,,,,,,,,,,,,,,,,,,,,,,,,,,,,,,,,,,,,,,,,,,,,,,,,,,,,,,,,,,,,,,,,,,,,,,,,,,,,,,,,,,,,,,,,,,,,,,,,,,
34,NGOAU5ZCC8SA8U9890DMUE,2025-11-18T13:33:19+00:00,,,66465999853f99e3f05d5b3a,"1,2,3,4,5,6,7,8,9,10,11,12,13,14,15,16,17,18,19,20,21,22,23,24,25,26,27,28,29,30,31,32,33,34,35,36,37,38,39,40,41,42,43,44,45,46,47,48,49,50,51,52,53,54,55,56,57,58,59,60,61,62,63,64,65,66,67,68,69,70,71,72,73,74,75,76,77,78,79,80,81,82,83,84,85",1,1,1,2,N/A,3,N/A,1,1,1,3,1,3,3,3,1,1,3,4,4,1,3,1,3,3,2,2,2,4,2,3,2,4,1,1,4,1,2,3,3,1,2,1,2,2,3,4,3,4,1,2,3,4,3,1,1,4,1,1,2,4,1,4,4,3,2,2,2,3,2,1,2,2,1,3,2,3,3,3,3,2,2,2,3,N/A,true,true,true,true,N/A,false,N/A,true,true,false,true,false,false,true,true,true,true,true,true,true,true,false,false,true,false,true,false,true,true,true,true,true,true,true,false,true,true,true,false,true,true,true,false,true,true,true,true,false,false,false,true,true,true,true,true,true,true,true,true,false,true,true,true,true,false,true,true,false,true,false,false,true,false,false,false,true,true,false,false,true,false,true,true,true,N/A,19827,4926,2173,2967,N/A,3219,N/A,14622,3535,7463,3086,2567,6221,3327,2317,2390,3007,2319,3812,8184,5605,4505,4821,4333,5039,1733,12701,2254,3390,2894,6006,8062,3415,4974,7414,4949,4119,4527,12846,3678,4734,5158,7334,2368,5413,7550,2150,2599,2974,2742,4893,2830,4638,6877,3165,2943,4516,944,1446,1686,3450,2485,4271,1633,3767,3607,2230,3472,5557,2110,6270,4062,3782,3653,3592,2373,1286,3206,1871,3501,3069,3710,3694,3375,N/A,55.73,46.27,44.36,38.09,N/A,64.73,N/A,56.45,13.82,9.45,63.91,37.45,60.91,59,58.45,17,17.36,62.82,82.91,88.55,13.82,62.18,18.18,61.64,59.45,32.18,37,37.91,83.82,35.73,63.36,34.73,86.09,16.64,17.18,86.55,13,39.36,65.73,63.55,8.73,34.45,15.09,39.82,35.55,59.82,87.45,64.73,82.18,15.64,34.91,57.64,85.45,61.55,14.55,54.92,81.16,50.85,50.85,38.64,89.02,18.47,82.29,88.64,61.36,44.98,43.94,39.39,66.67,45.55,13.45,34.09,36.84,17.61,60.98,30.3,56.25,55.59,55.68,60.61,40.44,32.67,43.75,64.3,N/A,82.23,79.48,83.52,69.47,N/A,72.7,N/A,83.68,70.92,67.04,70.27,71.24,64.78,66.88,65.75,61.55,61.55,66.24,66.88,64.14,63.65,68.01,63.81,60.1,64.46,66.07,73.99,71.24,71.24,67.53,62.36,65.91,66.4,65.43,68.5,71.24,66.24,68.5,67.85,66.07,67.69,69.63,65.59,66.4,76.9,67.21,63,64.62,61.39,56.7,60.74,60.74,66.07,59.61,64.14,69.44,48.44,69.79,62.67,49.83,50.17,52.26,48.96,47.05,53.65,51.39,51.91,50.35,54.69,51.91,48.96,50,53.65,49.31,51.04,50.35,49.83,53.13,54.51,51.91,53.13,44.79,46.7,46.88,N/A
35,E85WE7RF43QJ044IA2IGZE,2025-11-18T13:33:41+00:00,,,5dc1eb838a84461511b3cd73,"1,2,3,4,5,6,7,8,9,10,11,12,13,14,15,16,17,18,19,20,21,22,23,24,25,26,27,28,29,30,31,32,33,34,35,36,37,38,39,40,41,42,43,44,45,46,47,48,49,50,51,52,53,54,55,56,57,58,59,60,61,62,63,64,65,66,67,68,69,70,71,72,73,74,75,76,77,78,79,80,81,82,83,84,85",1,1,1,2,N/A,3,N/A,1,1,1,3,1,2,4,3,1,1,3,4,4,1,3,3,3,4,2,4,3,4,2,2,2,4,1,3,4,1,2,4,1,1,2,1,2,2,3,4,3,4,3,2,3,4,1,2,1,1,1,1,1,4,1,4,4,3,2,2,1,1,3,3,2,3,2,2,2,3,3,3,3,2,4,2,2,N/A,true,true,true,true,N/A,false,N/A,true,true,false,true,false,true,false,true,true,true,true,true,true,true,false,false,true,true,true,true,false,true,true,false,true,true,true,false,true,true,true,true,false,true,true,false,true,true,true,true,false,false,true,true,true,true,false,false,true,false,true,true,true,true,true,true,true,false,true,true,true,false,true,false,true,false,false,false,true,true,false,false,true,false,false,true,false,N/A,9523,5827,4152,6902,N/A,7241,N/A,4099,3708,9416,3566,5363,3330,5000,2239,2532,2246,2644,4077,5803,6572,2603,6275,6642,5398,3618,3335,3618,3633,4235,23874,4018,3306,3039,5065,3590,3553,3319,5586,2700,1596,6117,4077,1285,1427,3148,10111,2942,2101,6849,3671,1415,3411,5651,1690,3956,3690,2187,3377,3686,2931,2185,4727,2842,3514,7196,9096,3503,6655,4834,1948,4156,2632,4532,2217,2392,1733,8973,2614,3042,3769,5090,6852,1585,N/A,52.45,46.27,49.09,38.91,N/A,61.55,N/A,49.55,15.18,18.09,61.36,36.91,36.64,79.18,62.64,13.64,12,58.64,85.73,89,16.55,59.36,60,59.91,86.45,38.91,85.09,63.45,87.64,39,32.82,32.09,90.09,15.27,60.45,84.36,10.45,34.73,82.18,11.27,12.82,34.45,14.55,37.27,39.27,66.64,90.64,65.45,75.18,62.45,37.91,60.64,81.45,16.45,38.45,50,50,85.13,47.73,12.31,84.66,6.53,93.28,94.98,68.37,38.35,39.68,17.14,16.95,64.87,64.96,43.18,60.51,33.43,36.55,37.88,60.42,65.63,60.98,65.25,39.77,82.95,35.89,35.89,N/A,84.01,82.23,85.3,71.08,N/A,65.43,N/A,80.29,65.75,72.54,68.17,72.37,73.34,58.64,65.75,67.04,68.66,71.24,68.98,78.19,68.82,63.81,74.96,61.87,69.63,68.98,68.98,73.83,67.53,73.18,76.09,62.04,63.97,57.67,71.57,68.01,72.54,65.11,71.73,68.34,65.11,76.41,77.54,95.96,84.98,66.88,66.88,81.91,80.94,68.01,77.22,73.34,67.53,69.63,67.37,71.35,70.14,43.4,63.19,46.18,48.09,55.56,51.22,50.69,50,45.49,57.47,45.83,55.73,51.74,41.67,56.42,49.13,50.87,61.81,53.82,42.71,54.69,56.6,41.49,55.9,52.78,51.22,51.39,N/A
36,DMRF2P875W7YS5FW0ZNWK,,,,6628141ef03d907d9b2ff86d,,,,,,,,,,,,,,,,,,,,,,,,,,,,,,,,,,,,,,,,,,,,,,,,,,,,,,,,,,,,,,,,,,,,,,,,,,,,,,,,,,,,,,,,,,,,,,,,,,,,,,,,,,,,,,,,,,,,,,,,,,,,,,,,,,,,,,,,,,,,,,,,,,,,,,,,,,,,,,,,,,,,,,,,,,,,,,,,,,,,,,,,,,,,,,,,,,,,,,,,,,,,,,,,,,,,,,,,,,,,,,,,,,,,,,,,,,,,,,,,,,,,,,,,,,,,,,,,,,,,,,,,,,,,,,,,,,,,,,,,,,,,,,,,,,,,,,,,,,,,,,,,,,,,,,,,,,,,,,,,,,,,,,,,,,,,,,,,,,,,,,,,,,,,,,,,,,,,,,,,,,,,,,,,,,,,,,,,,,,,,,,,,,,,,,,,,,,,,,,,,,,,,,,,,,,,,,,,,,,,,,,,,,
37,YXLG0FNNXU93S2MAF5FNJR,2025-11-18T13:33:04+00:00,,,6642690a93cc7510324fc235,"1,2,3,4,5,6,7,8,9,10,11,12,13,14,15,16,17,18,19,20,21,22,23,24,25,26,27,28,29,30,31,32,33,34,35,36,37,38,39,40,41,42,43,44,45,46,47,48,49,50,51,52,53,54,55,56,57,58,59,60,61,62,63,64,65,66,67,68,69,70,71,72,73,74,75,76,77,78,79,80,81,82,83,84,85",1,1,1,4,N/A,3,N/A,1,3,4,2,1,2,1,3,1,1,3,3,2,1,1,3,2,3,3,2,2,4,1,2,2,1,1,3,4,1,3,2,1,4,3,2,3,2,1,4,2,3,2,1,3,1,1,3,1,3,1,1,1,4,1,2,1,3,4,4,2,3,3,4,1,3,4,2,1,3,2,4,3,1,3,3,3,N/A,true,true,true,false,N/A,false,N/A,true,false,false,false,false,true,false,true,true,true,true,false,false,true,true,false,false,false,false,false,true,true,false,false,true,false,true,false,true,true,false,false,false,false,false,false,false,true,false,true,false,false,false,false,true,false,false,false,true,false,true,true,true,true,true,false,false,false,false,false,false,true,true,true,false,false,false,false,false,true,false,true,true,true,false,false,true,N/A,6548,14997,4357,7272,N/A,4505,N/A,8108,4527,4832,8157,3061,3828,4535,2499,4211,1757,2256,3561,2101,3791,5905,2089,2293,2016,2651,5365,3786,4305,1942,3126,3546,3397,1277,3575,1269,1877,1663,1605,1965,1979,1531,1513,2065,1161,1191,1253,995,1297,1453,1249,1600,3571,1643,1236,2271,13651,5205,2403,2144,4354,2920,4829,7333,2370,5599,4183,4099,3131,3859,7167,4329,3059,8759,3515,1853,1306,2844,12627,6725,2989,4023,4507,14453,N/A,55.45,47.91,45.55,87.55,N/A,62,N/A,56.09,61.55,83.82,36.55,36.55,36.55,16.55,64.09,16.09,16.09,59.64,58.55,33.82,16.55,15.18,64.18,35.45,62.45,59,35.45,33.09,83.55,11.45,35.45,38.45,14.82,14.82,65.18,80.82,16,59,35.64,15,82.09,57.27,39,60.91,34.09,10.82,88.73,38.82,62.91,33,11.36,58.09,17.18,14.73,63.91,46.97,56.34,82.77,50,16.95,85.42,11.17,36.27,19.13,60.42,91.48,93.56,44.22,66.29,67.42,88.73,14.87,64.87,81.06,40.15,7.95,65.34,40.63,85.42,62.41,15.44,61.08,60.32,59.94,N/A,84.01,80.94,84.33,73.99,N/A,76.41,N/A,80.61,70.76,72.05,69.79,69.79,69.79,65.59,73.67,69.63,69.63,72.21,74.15,74.96,73.83,72.37,71.73,76.41,71.57,73.51,70.11,67.53,71.41,74.15,69.31,72.54,68.34,68.34,71.57,72.54,72.05,67.37,69.79,70.44,71.73,69.79,70.11,70.92,70.11,69.47,70.44,69.47,67.04,68.34,68.17,68.5,70.27,70.44,68.17,70.66,52.78,51.74,61.46,55.21,49.65,58.16,57.47,55.03,44.97,53.3,52.6,49.65,52.26,46.88,51.56,54.17,52.43,47.74,52.08,47.22,46.53,46.35,50.35,56.08,52.43,49.13,49.83,52.78,N/A
38,R797SNBE4VGJ9YH5FEAYV,2025-11-18T13:31:31+00:00,,,5d9c67b131544d00101daef1,"1,2,3,4,5,6,7,8,9,10,11,12,13,14,15,16,17,18,19,20,21,22,23,24,25,26,27,28,29,30,31,32,33,34,35,36,37,38,39,40,41,42,43,44,45,46,47,48,49,50,51,52,53,54,55,56,57,58,59,60,61,62,63,64,65,66,67,68,69,70,71,72,73,74,75,76,77,78,79,80,81,82,83,84,85",1,1,1,2,N/A,4,N/A,1,1,1,3,1,3,3,3,1,1,3,1,3,3,1,1,1,4,2,4,3,3,3,3,2,4,1,4,4,3,2,3,3,1,2,2,2,2,3,1,1,1,1,2,3,4,2,2,1,2,1,1,1,4,1,1,4,2,3,4,1,3,3,3,2,3,3,1,1,3,4,4,3,1,4,4,3,N/A,true,true,true,true,N/A,true,N/A,true,true,false,true,false,false,true,true,true,true,true,false,false,false,true,false,false,true,true,true,false,false,false,true,true,true,true,true,true,false,true,false,true,true,true,false,true,true,true,false,true,true,false,true,true,true,false,false,true,false,true,true,true,true,true,false,true,true,false,false,true,true,true,false,true,false,true,true,false,true,true,true,true,true,false,false,true,N/A,14263,4529,3810,3678,N/A,7309,N/A,2305,4849,4802,3521,2030,6392,2752,1887,1643,5057,3097,2286,1771,1934,4120,184,1616,4617,1628,1931,1561,2262,2211,3771,2911,2726,3378,3497,2647,1885,823,1234,2716,1493,2690,1150,1768,1413,1395,2037,1740,1732,1665,1395,1372,4753,1114,1217,8670,2030,1162,2370,2337,2276,1678,3775,2490,2302,1528,801,2399,2116,3353,1220,2587,1601,1883,1423,2754,1094,2607,1141,1161,1704,2085,1369,2999,N/A,48.91,41.18,41.18,36,N/A,83.91,N/A,55.45,7.82,13.73,58.73,41.09,67.73,62.09,61.55,12,18.73,60.73,17.82,58,60.18,16.55,16.55,16.55,82.18,38.82,82.09,63.27,60.64,64.09,59.64,39.55,90,13.73,86.45,86.45,56.55,38.73,66.82,57.64,10.55,38.36,38.36,37.18,37.18,70.73,11,6.64,12.55,15.27,40.27,58.36,82.73,37.73,38.09,37.59,37.59,89.49,55.4,21.88,85.61,14.58,21.4,76.14,35.04,62.31,81.06,17.61,57.2,60.04,60.04,35.98,65.34,69.7,16,19.89,63.54,90.34,88.07,70.08,13.26,85.89,84.56,57.77,N/A,78.68,78.03,78.03,67.69,N/A,69.95,N/A,82.39,68.34,80.29,74.96,73.51,67.85,71.24,74.31,82.88,70.92,71.89,75.44,76.25,75.61,75.12,75.12,75.12,67.37,71.73,65.75,72.86,69.31,76.09,71.08,75.61,72.7,66.88,68.01,71.73,77.38,74.15,75.77,74.8,79.32,72.7,72.7,72.86,72.86,76.25,72.37,76.09,67.85,67.37,72.21,71.89,62.84,70.11,74.31,72.4,72.4,52.78,66.32,55.21,46.18,51.39,52.78,48.09,56.77,54.86,49.48,49.65,51.74,52.78,52.78,47.74,46.01,51.91,55.21,49.83,52.08,49.31,49.65,54.51,51.04,50.52,53.82,49.83,N/A
39,W0ZPIHGGDGLT8Y28XZ5CA,2025-11-18T13:42:18+00:00,,,67e97d506e0dfa7ff0b407c5,"1,2,3,4,5,6,7,8,9,10,11,12,13,14,15,16,17,18,19,20,21,22,23,24,25,26,27,28,29,30,31,32,33,34,35,36,37,38,39,40,41,42,43,44,45,46,47,48,49,50,51,52,53,54,55,56,57,58,59,60,61,62,63,64,65,66,67,68,69,70,71,72,73,74,75,76,77,78,79,80,81,82,83,84,85",1,1,1,2,N/A,3,N/A,1,1,2,2,1,3,3,3,1,3,3,3,4,3,1,1,3,1,2,4,2,3,2,1,2,1,4,1,4,1,2,3,3,1,2,2,2,4,4,4,3,4,2,1,2,3,3,2,1,2,1,1,1,4,1,4,4,4,2,2,1,2,4,4,2,4,3,1,2,3,2,4,3,1,2,2,2,N/A,true,true,true,true,N/A,false,N/A,true,true,true,false,false,false,true,true,true,false,true,false,true,false,true,false,true,false,true,true,true,false,true,false,true,false,false,false,true,true,true,false,true,true,true,false,true,false,false,true,false,false,false,false,false,false,true,false,true,false,true,true,true,true,true,true,true,false,true,true,true,false,false,true,true,true,true,true,true,true,false,true,true,true,true,true,false,N/A,36686,64826,66146,4331,N/A,6219,N/A,9339,22669,6067,3146,1802,47090,8516,9516,6915,11131,3925,4642,4323,6099,3949,128,5754,7507,7236,7949,12796,6044,5411,21603,5626,3557,6331,4604,19333,5060,3812,4101,15042,6212,7980,8089,3943,21798,2769,128,8915,3882,3804,6981,6892,38460,3354,8660,6333,6290,5330,3884,4138,5204,5492,5521,10267,10064,31716,6570,7222,10501,5979,72,8824,6443,9668,4460,4053,3852,6307,9708,33811,8292,8908,19876,3556,N/A,43.09,56.73,55.36,36.82,N/A,63.18,N/A,51.55,17.27,31.27,44.73,39.91,63.18,61.55,57.64,9.73,60.27,58.18,58.45,94.82,63.91,4.73,4.73,57.82,17.27,30.09,79.91,39.64,65.45,30.91,13.91,33.27,15.55,83.27,14.73,87.36,9.45,34.55,60.27,58.55,11.73,32.82,32.82,32.91,76.45,80.73,80.73,60,88.73,41.64,15.27,30.64,62.55,59.64,32.91,44.13,44.13,83.14,65.34,19.03,83.43,12.59,85.8,84.28,85.98,41.95,41.95,17.61,35.51,93.56,93.56,27.18,78.88,58.71,18.28,32.1,60.04,31.53,90.44,60.04,17.8,31.25,46.02,43.09,N/A,79.48,79.81,79.81,71.57,N/A,62.68,N/A,79.81,62.52,66.24,19.55,63.49,74.8,62.52,63.81,64.94,65.59,70.27,71.73,74.47,73.67,65.27,65.27,67.53,71.73,70.6,71.73,72.7,69.63,71.24,69.47,74.31,74.96,71.73,57.51,69.14,69.79,70.44,68.34,66.88,72.21,73.02,73.02,73.02,65.11,26.49,26.49,64.62,67.37,68.98,70.92,74.15,67.04,70.11,65.59,77.08,76.39,50.69,61.46,54.86,50.69,48.61,50.17,51.04,58.16,49.13,49.13,50.87,52.26,48.26,48.26,53.99,47.57,51.04,57.64,51.39,52.95,54.51,49.48,56.94,53.99,50.35,53.3,53.82,N/A
40,I32EEMAA81N5A17YCEP9EG,2025-11-18T13:34:18+00:00,,,6635054dfb8caedd407ca84b,"1,2,3,4,5,6,7,8,9,10,11,12,13,14,15,16,17,18,19,20,21,22,23,24,25,26,27,28,29,30,31,32,33,34,35,36,37,38,39,40,41,42,43,44,45,46,47,48,49,50,51,52,53,54,55,56,57,58,59,60,61,62,63,64,65,66,67,68,69,70,71,72,73,74,75,76,77,78,79,80,81,82,83,84,85",1,1,1,2,N/A,2,N/A,1,1,2,3,1,3,3,3,1,1,3,4,4,1,1,1,3,3,3,4,2,1,2,3,2,4,2,4,4,2,2,3,3,1,2,1,2,2,1,1,3,4,1,3,3,4,3,4,1,4,1,1,1,4,2,4,4,2,2,2,1,3,3,4,2,4,4,1,2,3,4,4,3,1,2,4,2,N/A,true,true,true,true,N/A,false,N/A,true,true,true,true,false,false,true,true,true,true,true,true,true,true,true,false,true,false,false,true,true,false,true,true,true,true,false,true,true,false,true,false,true,true,true,false,true,true,false,false,false,false,false,false,true,true,true,false,true,true,true,true,true,true,false,true,true,true,true,true,true,true,true,true,true,true,false,true,true,true,true,true,true,true,true,false,false,N/A,15924,9590,3847,6718,N/A,1640,N/A,13217,1918,5207,2279,2982,7038,3806,2214,2438,1974,3007,4894,6808,5127,7292,8045,3468,2780,1646,4106,2118,4542,2606,6230,3342,3423,3990,4382,1735,8046,4959,6470,3230,3042,7578,3662,2318,1351,2334,2430,4470,2526,10263,2630,1663,4598,2958,4406,8422,5286,2005,1421,5250,3801,10293,3690,5019,2129,6444,4230,11132,1973,3337,5429,4486,2606,7191,5292,2942,1639,1718,2663,3728,6525,4565,4925,4036,N/A,46.64,51.27,51.27,47.82,N/A,45.82,N/A,55.09,11.45,37.09,59.91,9.45,61.18,61.64,61.18,12.73,15.73,60.18,86.45,88.27,13.36,15.36,12.27,61,60.64,58.18,81,39.73,11.27,35.64,58.55,36.27,84.55,37.18,85.36,87,34.36,37.64,59.64,63.18,13.27,36.55,13.64,38,37.18,11.55,17.18,62.27,85.09,15.36,63.27,61.18,86,61.27,82.09,49.05,95.36,88.26,46.69,16.29,87.22,38.16,85.61,89.49,41.86,39.2,43.28,13.45,64.39,63.45,95.45,42.05,91,89.39,12.78,36.08,65.53,87.97,88.73,64.11,10.89,35.7,89.2,34.94,N/A,81.1,79.97,84.33,30.53,N/A,29.89,N/A,82.39,71.89,66.56,68.82,65.91,69.95,74.64,70.11,71.73,66.88,75.77,69.14,71.57,69.63,69.95,66.72,74.47,71.57,66.88,65.43,67.69,69.31,72.21,70.11,70.11,71.24,62.84,67.21,66.88,70.11,70.44,70.6,71.08,68.66,63.33,69.14,76.09,75.12,69.14,72.21,71.73,68.66,63.81,70.44,71.57,71.41,68.34,72.21,71.01,52.95,54.69,62.15,50.69,52.43,53.65,48.26,52.26,50.69,52.78,51.91,46.7,51.56,57.29,50.52,53.65,51.39,53.65,52.26,53.13,51.22,51.91,52.6,53.3,48.09,51.56,53.13,50,N/A
41,IWKSON4M3U90EDYPWRUU5,2025-11-18T13:52:07+00:00,,,66341ea0271d271dc78c8283,"1,2,3,4,5,6,7,8,9,10,11,12,13,14,15,16,17,18,19,20,21,22,23,24,25,26,27,28,29,30,31,32,33,34,35,36,37,38,39,40,41,42,43,44,45,46,47,48,49,50,51,52,53,54,55,56,57,58,59,60,61,62,63,64,65,66,67,68,69,70,71,72,73,74,75,76,77,78,79,80,81,82,83,84,85",1,1,1,2,N/A,1,N/A,1,1,2,3,1,2,4,3,1,1,2,4,2,1,3,1,1,4,2,4,2,3,2,3,2,4,4,1,4,3,4,3,1,1,2,1,2,2,4,4,3,4,2,2,3,4,4,2,1,3,1,1,1,4,1,4,4,4,2,2,1,3,3,4,2,4,3,1,2,3,4,4,4,1,4,2,3,N/A,true,true,true,true,N/A,false,N/A,true,true,true,true,false,true,false,true,true,true,false,true,false,true,false,false,false,true,true,true,true,false,true,true,true,true,false,false,true,false,false,false,false,true,true,false,true,true,false,true,false,false,false,true,true,true,false,false,true,false,true,true,true,true,true,true,true,false,true,true,true,true,true,true,true,true,true,true,true,true,true,true,false,true,false,true,true,N/A,589147,392176,1530,3625,N/A,9907,N/A,1871,6030,9222,3806,5577,8561,5663,3547,3861,3092,5647,6088,4199,6674,3358,3806,5638,5589,2191,4038,10327,4862,8750,3711,2898,4938,7391,3598,8941,4975,5058,10520,4951,2374,4518,11840,3293,4158,7874,3297,6696,8803,7566,4263,2789,3209,4458,6741,4854,6833,1078,2967,2840,2855,2429,7715,2780,5941,4462,11170,4546,4870,5333,11965,5158,5157,3997,4847,9685,3327,6926,6188,15782,5247,6158,10436,4813,N/A,46,50.64,48.73,35.64,N/A,14.55,N/A,39.73,17.27,35,61.64,36.36,35.45,87.45,62.73,15.45,11.64,39,88.36,37.55,10.36,61.09,15.45,14.73,82.09,33.82,90.45,32.36,63.09,36.55,60.09,40.09,86.09,85.91,15.36,90.27,62,88.64,65.91,15.27,12.45,36.82,11.45,36.64,35.27,87.09,83.09,59.73,85,38.36,35.36,60.18,86,85.36,38.55,54.26,51.14,62.5,53.79,12.97,86.65,20.08,88.73,84.47,84.94,40.63,38.26,14.68,60.13,62.22,91.67,33.81,79.64,60.98,17.61,35.98,64.02,93.84,89.2,86.08,19.7,87.59,42.42,58.33,N/A,81.26,80.29,79.64,67.04,N/A,64.3,N/A,82.23,65.27,62.84,66.88,63.49,65.75,66.07,65.75,69.31,63.97,65.43,72.21,69.79,69.63,63.81,67.85,66.72,65.75,65.59,69.63,63.81,60.42,61.39,62.84,66.56,64.14,61.07,66.07,67.69,72.7,67.85,63.97,70.11,67.69,67.69,67.53,69.31,73.99,68.66,63.17,64.94,67.21,66.56,64.3,70.44,68.34,66.72,68.98,78.13,73.44,73.96,71.88,53.99,52.43,49.31,45.83,51.22,54.69,49.48,51.91,50,51.22,56.6,55.21,51.56,56.6,52.26,47.92,48.78,50.69,49.13,52.6,48.09,43.23,52.26,51.56,52.95,N/A
42,UITCYHBJVEHOXL7P6ZKFJ,,,,676f8b5b07242dc7cacc43cc,,,,,,,,,,,,,,,,,,,,,,,,,,,,,,,,,,,,,,,,,,,,,,,,,,,,,,,,,,,,,,,,,,,,,,,,,,,,,,,,,,,,,,,,,,,,,,,,,,,,,,,,,,,,,,,,,,,,,,,,,,,,,,,,,,,,,,,,,,,,,,,,,,,,,,,,,,,,,,,,,,,,,,,,,,,,,,,,,,,,,,,,,,,,,,,,,,,,,,,,,,,,,,,,,,,,,,,,,,,,,,,,,,,,,,,,,,,,,,,,,,,,,,,,,,,,,,,,,,,,,,,,,,,,,,,,,,,,,,,,,,,,,,,,,,,,,,,,,,,,,,,,,,,,,,,,,,,,,,,,,,,,,,,,,,,,,,,,,,,,,,,,,,,,,,,,,,,,,,,,,,,,,,,,,,,,,,,,,,,,,,,,,,,,,,,,,,,,,,,,,,,,,,,,,,,,,,,,,,,,,,,,,,
43,NGORIOQKMZKW0E8O31I6PA,,,,66f0c2c17d872e5874877985,,,,,,,,,,,,,,,,,,,,,,,,,,,,,,,,,,,,,,,,,,,,,,,,,,,,,,,,,,,,,,,,,,,,,,,,,,,,,,,,,,,,,,,,,,,,,,,,,,,,,,,,,,,,,,,,,,,,,,,,,,,,,,,,,,,,,,,,,,,,,,,,,,,,,,,,,,,,,,,,,,,,,,,,,,,,,,,,,,,,,,,,,,,,,,,,,,,,,,,,,,,,,,,,,,,,,,,,,,,,,,,,,,,,,,,,,,,,,,,,,,,,,,,,,,,,,,,,,,,,,,,,,,,,,,,,,,,,,,,,,,,,,,,,,,,,,,,,,,,,,,,,,,,,,,,,,,,,,,,,,,,,,,,,,,,,,,,,,,,,,,,,,,,,,,,,,,,,,,,,,,,,,,,,,,,,,,,,,,,,,,,,,,,,,,,,,,,,,,,,,,,,,,,,,,,,,,,,,,,,,,,,,,
44,4UCE4NAZDSOU6Z2VS643,2025-11-18T13:36:17+00:00,,,66f0c2c17d872e5874877985,"1,2,3,4,5,6,7,8,9,10,11,12,13,14,15,16,17,18,19,20,21,22,23,24,25,26,27,28,29,30,31,32,33,34,35,36,37,38,39,40,41,42,43,44,45,46,47,48,49,50,51,52,53,54,55,56,57,58,59,60,61,62,63,64,65,66,67,68,69,70,71,72,73,74,75,76,77,78,79,80,81,82,83,84,85",1,1,1,2,N/A,4,N/A,1,1,2,1,1,1,3,3,1,1,3,4,3,3,4,3,4,2,2,4,2,4,3,1,2,2,3,3,2,3,1,3,1,1,1,3,2,3,2,2,3,2,1,3,2,1,3,2,1,3,1,1,1,4,1,4,4,3,2,2,1,4,3,1,3,4,3,1,2,3,3,3,3,1,2,2,2,N/A,true,true,true,true,N/A,true,N/A,true,true,true,false,false,false,true,true,true,true,true,true,false,false,false,false,false,false,true,true,true,true,false,false,true,false,false,false,false,false,false,false,false,true,false,true,true,false,false,false,false,false,false,false,false,false,true,false,true,false,true,true,true,true,true,true,true,false,true,true,true,false,true,false,false,true,true,true,true,true,false,false,true,true,true,true,false,N/A,27685,3317,1312,5040,N/A,4356,N/A,2275,3508,4797,2785,2866,2800,1728,2019,1525,1964,1927,3478,3122,1905,4341,1628,3372,2186,73539,1986,2081,1756,1118,2094,1036,817,713,1277,1367,1039,2058,3742,2740,1726,413,1040,572,678,557,566,1063,560,710,626,671,2184,50587,1189,8535,10766,4645,3916,3160,2973,2669,3988,1799,6576,2680,2086,2396,4216,5487,2579,48893,1253,2554,2615,4140,1881,3668,2411,3010,4821,4177,3975,5352,N/A,44.73,49,48.18,39.64,N/A,80.36,N/A,46.45,10.91,33.27,14.82,37.55,18.36,58.36,59.64,17.64,12.91,61.91,83.82,61.09,63,87.73,60,87,40.18,37.64,80.18,35.91,86.64,59.09,18.64,33.27,34.45,58.73,58.45,37.45,56.18,14.73,59,9.09,17.09,13.09,58,37.64,59.45,38.36,41,59.18,38,12.27,55.09,38,18.45,60.36,35.73,50.85,54.83,51.52,50.47,14.39,89.58,12.31,86.74,90.25,65.63,42.42,38.64,16.95,86.08,59.09,17.42,63.26,90.15,63.64,20.55,39.39,62.97,56.34,61.74,63.64,15.15,39.02,49.34,43.09,N/A,82.39,79.32,82.71,76.74,N/A,77.38,N/A,83.52,73.67,83.2,79.48,84.17,78.68,80.13,81.26,80.13,78.03,80.13,79.81,81.91,77.87,87.88,76.25,84.49,79.81,75.44,72.21,82.55,81.74,75.44,78.68,82.88,70.92,74.31,77.38,76.09,77.38,73.51,79.32,80.61,83.2,75.44,77.38,74.8,74.96,82.71,77.54,79.32,81.1,83.2,74.47,81.91,79.16,77.38,81.26,69.44,73.09,70.14,62.67,50.52,53.47,51.22,52.26,52.6,52.6,56.77,54.17,56.25,59.2,57.81,56.25,52.78,55.38,56.94,55.21,57.47,59.03,54.86,56.94,57.47,52.6,56.77,57.64,59.2,N/A
45,J9W6FVEFKMKQY2JJ6MGN5,2025-11-18T13:34:11+00:00,,,67f06192529886aa3bddd0b6,"1,2,3,4,5,6,7,8,9,10,11,12,13,14,15,16,17,18,19,20,21,22,23,24,25,26,27,28,29,30,31,32,33,34,35,36,37,38,39,40,41,42,43,44,45,46,47,48,49,50,51,52,53,54,55,56,57,58,59,60,61,62,63,64,65,66,67,68,69,70,71,72,73,74,75,76,77,78,79,80,81,82,83,84,85",1,1,1,3,N/A,3,N/A,1,3,4,3,2,3,3,3,3,3,3,2,2,2,2,2,2,2,2,2,2,2,2,2,2,2,2,2,2,2,2,2,2,2,2,2,2,2,3,4,4,4,4,4,4,4,4,4,1,4,1,1,4,4,3,3,3,3,3,3,3,3,3,3,3,3,3,3,3,3,3,3,3,3,3,3,3,N/A,true,true,true,false,N/A,false,N/A,true,false,false,true,true,false,true,true,false,false,true,false,false,false,false,false,false,false,true,false,true,false,true,false,true,false,false,false,false,false,true,false,false,false,true,false,true,true,true,true,false,false,false,false,false,true,false,false,true,true,true,true,false,true,false,false,false,false,false,false,false,true,true,false,false,false,true,false,false,true,false,false,true,false,false,false,true,N/A,11546,34396,2242,121,N/A,7848,N/A,1230,9921,28606,37523,1057,585,465,281,202,158,205,769,194,196,205,212,260,252,228,302,225,209,262,228,242,235,246,232,207,229,206,219,231,213,234,249,217,204,1002,46294,678,201,184,190,201,211,196,215,241,189,127,199,240,23,905,79234,2311,670,431,233,195,180,192,178,187,195,187,202,202,187,162,174,167,174,189,173,182,N/A,53.45,52.91,52.91,52.91,N/A,60.18,N/A,49.64,66.55,83.27,61.64,61.64,61.64,61.64,61.64,61.64,61.64,61.64,37.36,37.36,37.36,37.36,37.36,37.36,37.36,37.36,37.36,37.36,37.36,37.36,37.36,37.36,37.36,37.36,37.36,37.36,37.36,37.36,37.36,37.36,37.36,37.36,37.36,37.36,37.36,56.36,77.45,83.18,83.18,83.18,83.18,83.18,83.18,83.18,83.18,84.56,84.56,84.56,84.56,84.56,84.56,71.21,63.45,63.45,58.33,58.33,58.33,58.33,58.33,58.33,58.33,58.33,58.33,58.33,58.33,58.33,58.33,58.33,58.33,58.33,58.33,58.33,58.33,58.33,N/A,84.17,80.29,80.29,80.29,N/A,62.52,N/A,80.61,70.92,74.47,61.87,61.87,61.87,61.87,61.87,61.87,61.87,61.87,71.24,71.24,71.24,71.24,71.24,71.24,71.24,71.24,71.24,71.24,71.24,71.24,71.24,71.24,71.24,71.24,71.24,71.24,71.24,71.24,71.24,71.24,71.24,71.24,71.24,71.24,71.24,68.01,67.37,69.63,69.63,69.63,69.63,69.63,69.63,69.63,69.63,67.19,67.19,67.19,67.19,67.19,67.19,45.31,51.39,51.39,46.01,46.01,46.01,46.01,46.01,46.01,46.01,46.01,46.01,46.01,46.01,46.01,46.01,46.01,46.01,46.01,46.01,46.01,46.01,46.01,N/A
46,QTSEWXVJZ8RNQAY0OMLTB,2025-11-18T13:37:42+00:00,,,67df2438f087a74ea30f779b,"1,2,3,4,5,6,7,8,9,10,11,12,13,14,15,16,17,18,19,20,21,22,23,24,25,26,27,28,29,30,31,32,33,34,35,36,37,38,39,40,41,42,43,44,45,46,47,48,49,50,51,52,53,54,55,56,57,58,59,60,61,62,63,64,65,66,67,68,69,70,71,72,73,74,75,76,77,78,79,80,81,82,83,84,85",1,1,1,2,N/A,2,N/A,1,2,2,1,2,3,1,2,1,3,3,3,1,3,3,3,4,3,2,3,2,3,3,3,2,4,1,1,4,4,2,2,3,1,1,1,2,2,4,2,1,4,3,2,2,4,1,1,1,4,1,1,1,4,4,2,4,3,4,4,2,1,4,4,3,3,4,1,1,3,3,1,4,1,1,3,2,N/A,true,true,true,true,N/A,false,N/A,true,false,true,false,true,false,false,false,true,false,true,false,false,false,false,false,false,false,true,false,true,false,false,true,true,true,true,false,true,false,true,false,true,true,false,false,true,true,false,false,true,false,true,true,false,true,false,true,true,true,true,true,true,true,false,false,true,false,false,false,false,false,false,true,false,false,false,true,false,true,false,false,false,true,false,false,false,N/A,35208,19620,3397,2990,N/A,3846,N/A,8409,2622,3190,2390,1869,2662,3254,19446,2205,2429,15472,1494,4326,1917,1392,3142,1462,1878,2270,2798,5662,9701,23672,5636,2192,1397,2584,4077,1910,1629,1575,4352,3854,5742,5830,2229,1254,4214,36246,6741,2694,4221,2759,2560,1062,2701,3200,1813,35214,3493,2282,6646,1694,3515,4318,2087,4410,5959,5837,4566,1750,7102,2358,3967,4109,1952,25765,3582,4382,4598,3918,5542,1589,3024,1990,14374,7181,N/A,47.45,47.91,47.55,35.64,N/A,41.82,N/A,42.27,38.82,35,13.73,83,59.82,13.82,39.73,15,60.27,61.09,61.09,12.36,57.73,63.36,58.55,84.36,62,38,61.55,38.27,57.64,60.91,57.64,37.55,81.91,17.27,13.18,79,80.73,35.55,37.73,61.36,14.18,16.27,10.64,34.55,40.45,82.27,38.36,14.55,83.18,57.82,36.91,36.55,82.45,16.18,14.36,50.38,93.18,54.73,48.86,11.93,84.09,82.95,40.25,85.61,63.54,85.32,84,38.83,14.02,81.91,82.86,60.23,58.43,87.78,13.64,6.53,55.59,65.44,18.56,83.81,18.37,15.44,63.26,36.74,N/A,78.19,80.29,79.81,69.14,N/A,73.18,N/A,80.61,75.93,69.47,73.02,73.18,68.17,69.95,74.8,74.8,75.44,70.44,69.31,76.09,72.37,72.37,69.14,66.4,74.15,74.15,69.95,74.47,74.96,68.5,74.47,73.67,70.92,73.67,72.21,70.6,68.82,75.93,75.28,74.8,75.12,77.22,74.8,76.58,73.18,67.37,71.73,73.18,69.14,72.21,72.54,73.34,67.69,77.06,75.12,70.49,51.39,70.66,62.67,51.74,52.6,50.69,53.47,54.17,53.99,53.3,52.95,54.17,55.38,53.3,52.08,54.51,52.26,53.13,56.42,52.43,52.95,54.51,52.78,52.26,53.47,54.34,51.56,56.42,N/A
47,QR1T1UP827DRCR7IGYK0EL,2025-11-18T13:36:20+00:00,,,56888951d7848e000c39a122,"1,2,3,4,5,6,7,8,9,10,11,12,13,14,15,16,17,18,19,20,21,22,23,24,25,26,27,28,29,30,31,32,33,34,35,36,37,38,39,40,41,42,43,44,45,46,47,48,49,50,51,52,53,54,55,56,57,58,59,60,61,62,63,64,65,66,67,68,69,70,71,72,73,74,75,76,77,78,79,80,81,82,83,84,85",1,1,1,3,N/A,4,N/A,1,1,2,2,1,2,3,3,1,1,3,4,2,1,2,3,1,1,2,4,3,4,3,3,2,4,1,4,4,1,2,1,1,1,2,1,2,2,3,4,1,1,1,2,3,4,3,2,1,4,1,1,1,4,1,4,4,2,2,2,1,2,2,4,3,1,4,1,2,3,1,3,2,1,2,3,2,N/A,true,true,true,false,N/A,true,N/A,true,true,true,false,false,true,true,true,true,true,true,true,false,true,false,false,false,false,true,true,false,true,false,true,true,true,true,true,true,true,true,false,false,true,true,false,true,true,true,true,true,true,false,true,true,true,true,false,true,true,true,true,true,true,true,true,true,true,true,true,true,false,false,true,false,false,false,true,true,true,false,false,false,true,true,false,false,N/A,2362,1382,55125,8672,N/A,4104,N/A,814,2285,3681,1556,2356,1483,2840,4002,1674,1279,2259,3653,5563,4096,5999,5828,1973,1213,3235,1686,5652,5581,4239,2435,4618,2978,2595,2647,1118,3525,3815,2435,1141,1696,2793,3001,1594,2038,5377,6959,7122,4756,4751,5416,3282,3921,1415,3609,3908,3509,1022,1511,1922,4642,4203,5790,9303,5719,5931,1293,3774,3791,3739,6307,8801,2517,10516,3718,3934,1382,12215,10075,3601,2173,5460,4178,3480,N/A,45.09,44.45,46.64,58.91,N/A,83.36,N/A,48.36,12.18,31.91,31.91,31.91,31.91,63.82,63.36,11.09,12.18,59.91,84.82,36.36,16.45,37.27,63.82,15,15,42.45,89.09,64.64,90.18,70.18,65.27,26.55,87.64,16.55,89.55,89.73,15,39.45,10.91,10.91,10.91,42.09,12.64,38.64,38.64,62.82,86.18,11.73,15.27,16.36,35.55,57.91,82.27,59.64,34.09,45.36,98.3,91.38,53.88,22.44,98.11,16.76,92.23,83.14,43.09,30.87,30.97,19.32,33.71,49.24,84.19,66.86,3.5,77.56,20.55,31.06,68.18,16,58.43,26.52,13.45,32.77,57.86,35.7,N/A,85.62,86.11,77.71,31.02,N/A,73.18,N/A,82.23,70.76,73.02,73.02,73.34,73.34,74.64,74.64,74.96,73.99,77.87,80.45,72.54,69.63,79.16,77.38,75.28,75.28,75.61,76.9,70.76,78.68,77.71,78.51,81.26,77.71,75.61,73.02,73.51,72.86,70.76,68.5,68.5,68.5,71.08,76.41,72.05,72.05,79.81,77.38,65.11,71.24,69.47,67.37,75.12,74.96,76.74,74.96,72.74,52.08,52.78,61.63,52.78,52.43,52.08,59.72,58.51,55.03,52.43,51.56,52.6,52.78,52.08,56.77,59.72,52.08,59.38,57.12,55.73,57.29,50.87,60.76,50.69,52.08,53.13,55.38,53.13,N/A
48,S4I39Q5BAKJ2MCG5AH3U1O,,,,6776559d691e03d2ca9f4fe7,,,,,,,,,,,,,,,,,,,,,,,,,,,,,,,,,,,,,,,,,,,,,,,,,,,,,,,,,,,,,,,,,,,,,,,,,,,,,,,,,,,,,,,,,,,,,,,,,,,,,,,,,,,,,,,,,,,,,,,,,,,,,,,,,,,,,,,,,,,,,,,,,,,,,,,,,,,,,,,,,,,,,,,,,,,,,,,,,,,,,,,,,,,,,,,,,,,,,,,,,,,,,,,,,,,,,,,,,,,,,,,,,,,,,,,,,,,,,,,,,,,,,,,,,,,,,,,,,,,,,,,,,,,,,,,,,,,,,,,,,,,,,,,,,,,,,,,,,,,,,,,,,,,,,,,,,,,,,,,,,,,,,,,,,,,,,,,,,,,,,,,,,,,,,,,,,,,,,,,,,,,,,,,,,,,,,,,,,,,,,,,,,,,,,,,,,,,,,,,,,,,,,,,,,,,,,,,,,,,,,,,,,,
49,854629EE88GC2PQCN7UZSL,2025-11-18T13:38:31+00:00,,,67338faa2e2cdabb532801c8,"1,2,3,4,5,6,7,8,9,10,11,12,13,14,15,16,17,18,19,20,21,22,23,24,25,26,27,28,29,30,31,32,33,34,35,36,37,38,39,40,41,42,43,44,45,46,47,48,49,50,51,52,53,54,55,56,57,58,59,60,61,62,63,64,65,66,67,68,69,70,71,72,73,74,75,76,77,78,79,80,81,82,83,84,85",1,1,1,4,N/A,3,N/A,1,1,1,3,1,2,3,3,1,1,3,4,1,2,4,3,4,4,1,1,3,4,2,2,2,4,1,3,4,1,2,4,4,1,2,2,2,2,4,1,3,1,1,2,3,4,1,2,1,2,1,1,1,4,1,2,4,2,2,2,1,1,3,4,3,2,3,1,2,3,2,4,3,2,2,1,2,N/A,true,true,true,false,N/A,false,N/A,true,true,false,true,false,true,true,true,true,true,true,true,false,false,false,false,false,true,false,false,false,true,true,false,true,true,true,false,true,true,true,true,false,true,true,false,true,true,false,false,false,true,false,true,true,true,false,false,true,false,true,true,true,true,true,false,true,true,true,true,true,false,true,true,false,false,true,true,true,true,false,true,true,false,true,false,false,N/A,5620,4943,1363,7070,N/A,4353,N/A,3360,3797,10679,4686,3600,5776,6250,2192,4642,7965,7082,6836,4602,6472,6163,5404,3904,75,3267,6008,4622,6021,5453,3992,5416,3802,4488,6063,5030,3366,5406,5219,2956,3138,3208,5664,3696,3182,6368,3350,3542,4921,2696,3896,3050,4135,4603,3534,4996,5605,3534,2363,2723,1991,2910,2180,3659,4326,3802,2389,4035,4882,2005,6944,4948,6401,2618,1740,2947,2190,6038,3729,6136,5818,6761,6548,4838,N/A,48.27,48.27,48.55,83.18,N/A,64.09,N/A,48.64,17.82,11.36,63.18,40.09,40.55,61.82,63,12.36,11.82,58.09,77.73,16.27,34.55,90,67.09,84.36,84.36,17,10.73,59.27,87.64,41.36,40.82,40.45,87.82,17,60.45,82.91,13.82,38.55,82.73,90.18,11.64,37.45,42.27,35.64,40.45,80.55,14.36,56.45,16.91,16.27,38.82,60.73,87.55,11.64,38.91,46.21,27.46,46.69,48.39,16.67,80.11,16.19,42.52,80.59,35.61,38.07,37.69,16.86,17.99,60.61,83.24,66.67,40.63,56.82,17.8,39.11,58.71,40.72,93.09,59.56,37.88,40.15,19.32,33.33,N/A,83.2,78.19,81.42,71.57,N/A,71.41,N/A,82.23,79,70.44,78.84,74.64,75.12,79.64,78.84,72.37,80.13,74.96,75.93,79,78.03,72.54,77.71,74.31,74.31,74.31,70.76,79.81,77.87,74.64,80.13,78.03,68.98,81.74,78.03,75.12,78.51,77.71,77.71,78.84,75.77,80.29,79.16,81.1,68.01,71.57,78.35,77.38,79.97,81.91,78.35,75.93,73.67,60.26,72.7,68.4,72.22,70.14,64.41,53.3,53.3,55.9,55.21,53.47,56.08,57.81,50.35,54.51,54.34,53.3,56.08,55.73,57.12,57.64,55.03,57.81,57.47,55.9,51.91,55.9,59.72,61.11,60.59,59.72,N/A
50,ROKGL9XBP29L7XCP8N6EM,2025-11-18T13:40:28+00:00,,,5ebb96b6cd673a0008ace9ce,"1,2,3,4,5,6,7,8,9,10,11,12,13,14,15,16,17,18,19,20,21,22,23,24,25,26,27,28,29,30,31,32,33,34,35,36,37,38,39,40,41,42,43,44,45,46,47,48,49,50,51,52,53,54,55,56,57,58,59,60,61,62,63,64,65,66,67,68,69,70,71,72,73,74,75,76,77,78,79,80,81,82,83,84,85",1,1,1,2,N/A,2,N/A,1,1,1,1,1,3,4,3,1,1,3,4,4,1,1,1,3,2,2,4,3,1,2,1,2,4,1,3,4,1,2,1,3,1,3,1,2,2,1,4,1,1,1,2,3,4,1,2,1,2,1,1,1,4,1,4,4,2,2,2,2,3,2,4,2,4,3,4,2,3,2,4,4,2,2,2,3,N/A,true,true,true,true,N/A,false,N/A,true,true,false,false,false,false,false,true,true,true,true,true,true,true,true,false,true,false,true,true,false,false,true,false,true,true,true,false,true,true,true,false,true,true,false,false,true,true,false,true,true,true,false,true,true,true,false,false,true,false,true,true,true,true,true,true,true,true,true,true,false,true,false,true,true,true,true,false,true,true,false,true,false,false,true,true,true,N/A,8952,3408,1409,7179,N/A,6902,N/A,2922,7703,8427,6661,3962,6573,6604,3435,4358,3412,3226,9166,6138,6618,4000,6524,9094,5359,2987,4621,9609,4598,6827,4522,8087,3362,4824,4053,3429,6432,4812,6301,8002,2138,3618,13906,3606,3182,11227,6064,7601,5467,10080,7268,4122,13486,5348,3531,6202,3032,3601,1987,3671,7269,2471,7816,2905,3127,3890,2807,5157,6774,4729,9521,5137,6019,10415,6436,6239,2673,4064,11870,4189,11097,4850,4120,5867,N/A,51.55,44.73,39.73,39.82,N/A,43.09,N/A,47.73,10.82,9.55,15.18,37.27,54.64,83.91,55.73,10.64,14.91,62.91,85,87.36,16.09,11.36,13.55,66.45,31.18,36.82,85.45,61.91,11,37.91,15.55,37.82,85.82,11.09,59.09,78.64,6.64,41.18,16.82,63.27,14.91,61.55,13.36,36.82,39.91,17.18,90.27,9.45,13.18,12.82,37.09,59.45,83.91,17.82,37.91,47.25,47.25,84.19,45.93,10.51,89.3,9.47,81.72,89.3,38.26,37.41,38.16,38.73,55.87,41.48,87.97,43.66,81.72,61.74,81.34,41.95,72.25,37.41,92.14,81.06,41.38,42.71,42.99,62.31,N/A,85.95,84.33,82.23,79.32,N/A,73.99,N/A,80.29,70.6,69.79,75.44,68.34,77.54,69.14,68.66,60.9,77.06,77.38,67.21,73.34,72.7,69.95,69.47,71.57,77.22,67.85,78.19,77.71,82.07,75.12,65.43,69.79,67.04,76.58,78.84,70.92,69.47,67.37,73.18,68.66,75.61,72.54,67.53,76.09,66.4,76.74,72.7,72.21,63.49,70.27,64.62,62.68,66.72,71.73,72.7,69.44,69.44,46.18,62.67,48.44,46.53,49.48,55.56,46.7,51.56,53.47,54.69,52.95,48.44,50.35,50.17,48.78,53.99,47.22,48.26,52.95,47.92,56.94,58.51,60.76,59.55,49.13,48.96,50.52,N/A
51,BQ46JDSQSQF50DUR0GY9JU,2025-11-18T13:43:12+00:00,,,651865050634b0ca55fc0d0d,"1,2,3,4,5,6,7,8,9,10,11,12,13,14,15,16,17,18,19,20,21,22,23,24,25,26,27,28,29,30,31,32,33,34,35,36,37,38,39,40,41,42,43,44,45,46,47,48,49,50,51,52,53,54,55,56,57,58,59,60,61,62,63,64,65,66,67,68,69,70,71,72,73,74,75,76,77,78,79,80,81,82,83,84,85",1,1,1,2,N/A,3,N/A,1,1,2,3,1,4,3,3,1,3,3,4,2,4,3,1,3,2,2,1,1,4,2,1,2,1,1,1,4,1,2,4,2,1,3,3,3,2,3,3,3,2,1,1,3,1,1,1,1,4,1,1,1,4,1,2,4,2,2,2,1,3,3,4,2,4,1,1,2,3,4,4,3,1,2,2,3,N/A,true,true,true,true,N/A,false,N/A,true,true,true,true,false,false,true,true,true,false,true,true,false,false,false,false,true,false,true,false,false,true,true,false,true,false,true,false,true,true,true,true,false,true,false,true,false,true,true,false,false,false,false,false,true,false,false,true,true,true,true,true,true,true,true,false,true,true,true,true,true,true,true,true,true,true,false,true,true,true,true,true,true,true,true,true,true,N/A,12212,6968,2129,11789,N/A,5278,N/A,3999,7407,9966,8914,8632,9621,11937,4252,6306,8948,5239,7071,6597,17274,2546,9777,7610,6075,3070,8148,14893,6967,6678,17348,15090,3091,3093,2194,2529,3152,6851,3372,6839,2491,2439,4864,4764,6093,10664,2841,4492,4407,8324,1991,1989,2380,1433,1500,6314,16970,4247,2094,2571,3433,3675,4931,7792,7269,5984,3863,7556,4124,5685,7031,2492,7290,2369,7833,3893,1827,3186,14308,10308,4206,4211,5115,9432,N/A,49.18,49.18,49.18,37.27,N/A,61.09,N/A,49.55,14.27,32.18,57.64,40.91,81.64,56.55,64,16.09,60.45,61.36,83.09,39,85.27,62.55,12.64,66.36,34.09,34.09,10.55,7.36,88.73,37,10.64,36.45,16.82,16.82,16.82,80.18,7.36,43.45,84.82,39.55,11.64,55.27,65,61.27,28.73,62.45,62.45,61.73,26.55,11.82,11.82,62.73,19.36,19.36,19.36,45.93,81.25,51.7,50.85,19.79,87.5,5.68,35.61,90.44,34.38,37.69,38.73,7.29,52.08,59.66,88.83,37.5,90.53,15.81,15.81,36.27,56.34,80.11,85.8,70.36,17.8,33.43,35.04,64.87,N/A,81.91,81.91,81.91,71.24,N/A,65.27,N/A,78.84,74.64,74.31,67.04,74.47,62.52,74.96,71.41,73.67,65.27,63.81,69.47,72.86,64.78,70.44,77.87,71.73,75.44,75.44,78.19,72.37,63.17,70.11,73.34,64.62,68.5,68.5,68.5,66.72,74.31,74.31,63.33,72.86,70.6,68.17,67.04,58.8,65.91,70.27,70.27,65.43,72.54,73.34,73.34,74.15,74.96,74.96,74.96,71.01,44.97,72.74,61.98,61.11,55.73,53.13,47.4,55.21,56.6,56.25,54.34,45.83,45.83,54.86,55.21,50,59.9,55.73,55.73,46.53,47.74,53.47,47.92,60.24,53.65,54.34,59.2,52.95,N/A
52,2VLMJM6NQRCJPD90XQIOGD,,,,dfert,,,,,,,,,,,,,,,,,,,,,,,,,,,,,,,,,,,,,,,,,,,,,,,,,,,,,,,,,,,,,,,,,,,,,,,,,,,,,,,,,,,,,,,,,,,,,,,,,,,,,,,,,,,,,,,,,,,,,,,,,,,,,,,,,,,,,,,,,,,,,,,,,,,,,,,,,,,,,,,,,,,,,,,,,,,,,,,,,,,,,,,,,,,,,,,,,,,,,,,,,,,,,,,,,,,,,,,,,,,,,,,,,,,,,,,,,,,,,,,,,,,,,,,,,,,,,,,,,,,,,,,,,,,,,,,,,,,,,,,,,,,,,,,,,,,,,,,,,,,,,,,,,,,,,,,,,,,,,,,,,,,,,,,,,,,,,,,,,,,,,,,,,,,,,,,,,,,,,,,,,,,,,,,,,,,,,,,,,,,,,,,,,,,,,,,,,,,,,,,,,,,,,,,,,,,,,,,,,,,,,,,,,,